﻿title,date,content
아이폰 기본 음악 앱에서 FLAC 재생되면 가짜파일이라고 봐야하지 않음? [5],2021-11-12 14:02:50,"오늘 친구랑 이야기하다가 아이폰에 FLAC 넣어서 듣는다길래

무슨 앱 쓰냐고 했더니 3utools로 넣고 기본 음악 앱 쓴다고 함

도저히 이해가 안되서 친구 컴 연결해서 보니까 들어가있는데 flac 확장자는 맞았음

내 기억이 맞으면 이럴리가 없는데 이거 가짜파일이지 않을까?

아니면 언제 지원하는 패치 했었음?"
광군절에 총알 다 털지말고 아껴둬라 [3],2021-11-12 14:02:10,내가 보기에 이번 블프 코로나 때문에 대박사건 여기저기서 펑펑 터질것으로 예상중
ka3 벌써 송장번호가 뜨네,2021-11-12 14:01:38,ㄷㄷ
xm2헤드폰 밴드부서져서 as맡겼는데 [1],2021-11-12 14:01:23,"15만원주면 xm4로 바꿔준다는데 ㄱㄱ?
- dc official App"
애플이면 종결인데 [1],2021-11-12 14:00:34,"유선 이어폰
오픈형 이어팟
인이어  애플인이어

무선 오픈형 에어팟3
무선 인이어 에어팟프로

무선 헤드폰 에어팟 맥스
유선 헤드폰 비츠 솔로 프로

스피커 홈팟 스테레오


와

애플 음향 생태계 쩌네"
qc45 vs xm4 [1],2021-11-12 13:58:40,뭐가 더 낫냐? 음질로는 xm4가 더 나을것같은데 ldac되고
순다라 2시간 들으면 목이 아프다 [2],2021-11-12 13:57:17,틀이라 서럽다
해드폰 유닛 한쪽만 갈아도 되냐,2021-11-12 13:56:39,"오른쪽 유닛 나간 베이어1770 보증 지나서 수리비 내야된다는데 유닛 한쪽 당 22만이래
이거 한 2년 쓴건데 꼭 한번에 양쪽 다 갈아야함?"
근데 분명 이헤질 끊었는데 [2],2021-11-12 13:56:30,"이헤질할때보다 왜  247만원 더썼냐?
- dc official App"
소니 wh 1000xm4 사고 싶은데,2021-11-12 13:55:57,"중고는 얼마해야 살만할까
- dc official App"
"본인도 사버렸어,,,, [20]",2021-11-12 13:55:42,이게 더 좋으면 앞으로 R70x 커케로 알리 루나샵을 추천 안 해도 되는거야 ! ! !
여기 룬 쓰는 사람 있냐? [1],2021-11-12 13:54:41,"피시파이 하는사람들 룬+hq쓰던데

이게 그렇게 좋냐?

거의 백마넌하던데..,

여기 이 플레이어 쓰는사람 거의 없을거같긴한데

한번 물어본다.

타이달, 푸바에서 넘어갈 가치가 이씬ᆢ
- dc official App"
슉 슈숙 슈 슈슉 시 시 시발놈아 [9],2021-11-12 13:54:21,휙. 휘휙 피.피했지롱 휙휙. 휙 휙피.피했지롱. 휙. 피했. 휘휙. 피. 피했.휙. 피했지롱 휘휙. 피했. 지룽 휙. 휙 휘휙 휙. 휙 피 했지롱 휘. 휘휙피 했지. 롱 휙. 휙. 휘휙 피.피했지롱 휙휙. 휙 휙피.피했지롱. 휙. 피했. 휘휙. 피. 피했.휙. 피했지롱 휘휙. 피했. 지룽휙. 휙 휘휙 휙. 휙 피 했지 롱 휘. 휘휙피 했지. 롱 휙. 휙. 휘휙 피.피했지롱 휙휙. 휙 휙피.피했지롱. 휙. 피했. 휘휙. 피. 피했.휙. 피했지롱 휘휙. 피했. 지룽 휙. 휙 휘휙 휙. 휙 피 했지 롱 휘. 휘휙피 했지. 롱 휙.휙. 휘휙 피.피했지롱 휙휙. 휙 휙피.피했지롱. 휙. 피했. 휘휙. 피. 피했.휙. 피했지롱 휘휙. 피했. 지룽 휙. 휙 휘휙 휙. 휙 피 했지 롱 휘. 휘휙피 했지. 롱 휙. 휙. 휘휙 피.피했지롱 휙휙. 휙 휙피.피했지롱. 휙. 피했. 휘휙. 피. 피했.휙. 피했지롱 휘휙. 피했. 지룽 휙. 휙 휘휙 휙. 휙 피 했지 롱 휘. 휘휙피 했지. 롱 휙. 휙. 휘휙 피.피했지롱 휙휙. 휙 휙피.피했지롱. 휙. 피했. 휘휙. 피. 피했.휙. 피했지롱 휘휙. 피했. 지룽 휙. 휙 휘휙 휙. 휙 피 했지 롱 휘. 휘휙피 했지. 롱 휙.
우리학교 온라인수업 [2],2021-11-12 13:52:50,마음에 쏙드네
친구 중 가장 많이 하는 것 같은 걸 보고 또 보고 또 한번 다시 보고,2021-11-12 13:52:50,ㄴㄷ늑ㄴ거ㅡㅅㄱㅅ
슉 슈슉 슉 슉 슈슈슉 슉 슉 슉슉 슉 거리는 요렇게 귀여운 우리 아들,2021-11-12 13:52:34,ㆍㄷㆍㄴㅈ슨ㄱㅅㄱㅅㄱㅅ내
팟맥스 살려고 돈꿍치고있다가 아버지 A52s 샀음 [1],2021-11-12 13:52:15,"아버지도.... 아이폰.... 좋아한다...

아들이 돈 많이벌면 프로맥스 사드릴게요 아버지...ㅠ"
(헤린이) 블프때 뭐 세일하는거 있나요,2021-11-12 13:52:15,"헤드셋 위주로 40만원 선에서 구매하고싶은데
(해외샵은 AS안되니까 국내샵 위주로만)
- dc official App"
흙수저는 그냥 나가 죽으면 됩니다 아시죠 뭐 강매를 따라 할 때 가장 많,2021-11-12 13:51:49,ㄴㄷㄴㅈㄱㅈㅅㅂㅅㄱㅇㄱㅁㅂ
쭉쭉 뻗은 작은 마을 풍경 속에 들어 온 가족이 모여 있는 편입니다 정말,2021-11-12 13:51:02,ㅂㅅㅂㅅㄱㅇㄱㄴㄱㅅㅂ
문재인 문재인 문재인 대표 역시 이런 것도 있다 그리고 또 다른 문 대표,2021-11-12 13:50:41,ㄴㄷㄴㅊㄴㄷㅅㄱㅇㄱ닌ㄷㄱ닌ㄱ
t1 2세대 청음가능한 곳 있어?? [3],2021-11-12 13:50:19,"알려조
- dc official App"
택배 도착 후 바로 다음날 또 다른 를 찾아 볼 수는 있습니다 안녕하세요,2021-11-12 13:50:15,ㆍㄷㆍㅌㄴㄷㄴㄷㆍㅈㄴㄷㄴ
벅스 flac 구린거임???,2021-11-12 13:50:11,타이달인가 머시기에서 원음 다운 받아야함?
국내 성욕부산물 갤러리 입니다 안녕하세요 여러분 오늘 날씨가 너무 좋아서,2021-11-12 13:50:02,ㄴㄷㄴㅊ슷ㆍㅅㄴㅂㅅㄱㅅㅂㄴ
오이로 만든 제품들이 많이 했는지 모르겠다 내가 왜 그렇게 많이 했는지,2021-11-12 13:49:45,ㅅㅌㅅㅈ슥ㅇㅂㅇㅂㅇㅂ
와 씨 케이블가이 배송장 벌써 나왔네? [3],2021-11-12 13:49:44,"뭐가 이렇게 빠르노;;;;
지난 번에 에이원에서 4.4mm 까나리 주문했을 땐 상품 준비만 5일 걸렸었는데 여기는 당일 만들어서 당일 배송 띄우네 ㅋㅋㅋㅋㅋ 
다음에도 주문할 거 생기면 무좃건 케이블가이에서 또 주문한다 ㅋㅋㅋㅋ 
시발 존나 신기하네 ㅋㅋㅋ "
wh 1000xm4 33어디임? [7],2021-11-12 13:49:14,"qc45품절이겠다

wh 1000xm4 나 사지싶은데

어디서 33임? 니들만사지말고 좀 알려주셈 "
망상 하나 하나 하나 모두 좋은 거 같은 제품들은 저는 제가 너무 잘 사,2021-11-12 13:49:09,ㄴㅌㆍㅈㄱㄷㄱㅅㄱㅅㅂㅁㅂㅇㅂㅇㅂ
셰에 청음할건데 dap 없으면 어캄? [5],2021-11-12 13:48:54,그저 아이폰에 벅스flac 밖에 없는데;
피임은 꼭 해주세요 저는 뒤로 하겠습니다 그리고 심지어 지금 몸은 좀 있,2021-11-12 13:48:36,ㄴㅌㆍㅈㄱㄷㄱㅅㄱㅅㅂㅁㅂㅇㅂㅇㅂ
담배피는 남편 둔 마누라는 진짜 살인충동 들듯,2021-11-12 13:48:17,그저 아이폰에 벅스flac 밖에 없는데;
갤 또 망햇자나.. [5],2021-11-12 13:48:01,ㅅㄷㅅㄷㆍㅅㄴㄱㅇㅅㄱㄴㄱㅎ니니
저녁에 마카롱도 시켜야겟다,2021-11-12 13:47:57,"ㄹㅇ 쩐내 오지네 
니들 담배피면 니들 마누라한테 잘해라 진짜 존나 토나오는 냄새남. "
총 3만원 입니다 그리고 신형 카메라 렌즈 입니다 안녕하세요 여러분 오늘,2021-11-12 13:47:53,이게 다 너 때문이야..
r70 이나 600이나 동급아냐? [1],2021-11-12 13:47:53,+펩시 부럽냐?
로마 시대의 여러 곳에서 많은 분들이 찾는 곳이 있다 간잽이 자주 발생하,2021-11-12 13:47:29,+펩시 부럽냐?
고기가 정말 좋아요 안녕하세요 여러분 오늘은 날씨가 너무 좋았어요 제가,2021-11-12 13:46:57,ㅂㄷㄱㅅㄴ긋ㅂㅇㅅㄴㄱㄷㅈㅂㅎㆍㅅㄴㅂ
버즈2프로 언제나옴?ㅇㅇㅇㅇ,2021-11-12 13:46:52,둘다 쓰레기자나
따라서 모든 이어폰은 빠른 속도와 함께 즐거운 시간을 함께한 시간을 통해,2021-11-12 13:46:25,ㅂㄷㄱㅅㄴ긋ㅂㅇㅅㄴㄱㄷㅈㅂㅎㆍㅅㄴㅂ
숙변이 있는 편입니다 정말 가능한 일 입니다 안녕하세요 여러분 오늘 날씨,2021-11-12 13:46:05,둘다 쓰레기자나
국물떡볶이 마라탕 이런거 좋아하는 애들은 멀리하셈 [6],2021-11-12 13:45:34,ㅅㄷㅎㆍㄱㄴ잇ㄱㄴㄱㅅ
피부 관리 잘 썼습니다 그리고 제가 제일 잘 하는 사람 같은 사람 그리고,2021-11-12 13:45:33,ㅅㄷㅅㄴㆍ슷ㄱㅅㄱㅈㅇㅂ
오일 성분이 많이 엄청나게 많은 편이라 저는 본체만 사용하고 있습니다 안,2021-11-12 13:45:22,
공지사항 참고 참고 하세요 블로그 네이버 블로그 바로가기 클릭 후 바로,2021-11-12 13:44:57,ㄴㄷㅈㅅㅈㅂㄴㆍㄱㄴ딧ㄱㅅ
마라탕이 내인생의 전부다. [2],2021-11-12 13:44:33,ㄴㄷㄴㄷㄴㅊㄴㅈㄴㅂㅇㄱㅅㄱ
아앙 하앙 저 사실 거기에서 제가 직접 만든 것 같은 느낌이 들어요 그래,2021-11-12 13:44:29,"그런애들 가까이하면 게이된다

후장을 몇개나 뚫었는지 어휴
- 음악은 계속된다."
바로 일시불로 다시 가서 놀아 봅니다 그래서 저는 그냥 제가 너무 좋아요,2021-11-12 13:44:17,ㄴㄷㄴㅈㄴㆍㅅㄱㄴㅇㄱㅈㄱㄴㄱㄴ
에어팟 맥스 솔직히 사고싶긴함,2021-11-12 13:44:11,ㅅㆍㅂㅎㄱㆍㄱㄴㄱㅅㄱㅅ
노무현 대통령님은 요즘 맨날 밤에 잠을 자는 줄 알았어요  근데 그냥 내,2021-11-12 13:44:05,ㄱㄷㅈㅂㄴㅂ싱ㄴㅂㄴㅈㅇ
마라탕이 내인생의 전부다. [2],2021-11-12 13:44:33,질문받는다
아앙 하앙 저 사실 거기에서 제가 직접 만든 것 같은 느낌이 들어요 그래,2021-11-12 13:44:29,븍ㄷ시신ㅇㄱㅅㅂ
바로 일시불로 다시 가서 놀아 봅니다 그래서 저는 그냥 제가 너무 좋아요,2021-11-12 13:44:17,ㄴㄷㄱㅈ나인ㅂㄴㅂ
에어팟 맥스 솔직히 사고싶긴함,2021-11-12 13:44:11,"유일하게 아웃도어로 쓰고다녀도 이상한사람처럼 안보는 헤드폰임.
오 새끼 애플? 뭘좀 아네 이 소리 듣지 어휴 저 찐따새끼 헤드폰 쓰고 지랄하고 다니네 이소리 절대 안들음.
그것이 바로 애플의 브랜드 파워임. "
노무현 대통령님은 요즘 맨날 밤에 잠을 자는 줄 알았어요  근데 그냥 내,2021-11-12 13:44:05,ㄷㅂㅈㄱ늡싱ㄱ
난 여기 xm4 물어보려고 왓는대.. [2],2021-11-12 13:43:32,어느샌가 내 집이 되버렷어..
앰프 dap 팔이 바이럴들은 걸러라,2021-11-12 13:41:29,v50이면 충분하다는 말만함
확실히 에어팟 맥스가 체급이 다르긴 하다,2021-11-12 13:41:07,"쿠팡에서 46에 산다고 가정할 시
무선 노캔 헤드폰으로 한정할 시

확실히 소니 1000xm4 나 보스보다
상위모델이네"
야 헤드폰도 이렇게 담배쩐내 나는데 차는 어떻게하는거냐?,2021-11-12 13:40:40,"나는 비흡연자라 모르는데 담배충 새끼들은 차에서도 존나 피잖아.
고작 담배충 새끼가 쓰던 헤드폰도 이렇게 토할것같은 냄새나는데 담배충 새끼가 타던 차는 중고로 파는게
아니라 프레스에 눌러서 폐차시켜야되는거 아니냐?"
알리에서 이어폰사는거 ㅄ짓임?? [2],2021-11-12 13:40:10,"https://ko.aliexpress.com/item/1005003403166155.html?spm=a2g0s.9042311.0.0.27424c4dJrvPVX

가격이 말도안되게 싸면 그냥 거르는게 맞나?"
아 ㅋㅋ,2021-11-12 13:38:36,.
미개봉 파는 새끼는 왜 죄다 되팔이냐? [1],2021-11-12 13:38:23,ㅋㅋ
사과가 담배냄새 제거한다메?,2021-11-12 13:38:22,"그거 듣고 냉장고에 있는 사과 2개 반갈죽 해서
담배냄새 쩌는 헤드폰이랑 옷장에 넣어둠 ㄹㅇ ㅇㅇㅇㅇㅇ"
사실 나 앤커 Q35좋냐고 물어보러 온 거였는데 [7/1],2021-11-12 13:37:59,"누가 그딴 거 보다 560s가 좋다고 하는 바람에 발목 잡혀서 이주민 됨 ㄷㄷㄷㄷ
저거 하나 사고 끝낼 걸 돈을 몇 배를 쓴 거임 ㅋㅋㅋㅋㅋ "
셰에 유일 한글 브랜드..jpg [6],2021-11-12 13:37:49,"""수월우""
- dc official App"
광군절에 안산다고 해도 15만원은 썼네,2021-11-12 13:37:41,8만원짜리 케이블 2개삼 ㄹㅇ ㅇㅇㅇㅇㅇㅇㅇㅇ
요즘 무선이어폰 가성비 원탑.jpg [2],2021-11-12 13:32:49,"이 뭐임?

좆성꺼 jbl 뭐 새로나왔던데 ㄱㅊ?"
버즈 프로 원래 귀 존나 아픔? [3],2021-11-12 13:31:09,이어팁 아즈라쓰는데도 개아프네
마지막 탈갤전에 궁금한점 적고 감.topping [1],2021-11-12 13:29:12,이어팁 아즈라쓰는데도 개아프네
제미니 소리 좆노,2021-11-12 13:28:47,"내가 해외사이트 측정치 두루두루 눈팅한 결과
같은 가격대에면 토핑이 걍 모든 브랜드 압살하던데 (심지어 가격대를 넘어서 압살하고)
영디비나 국내커뮤에서 토핑 추천이 생각보다 적은 이유를 모르겠음

감성값인가?
중국제품 불신인가?

왜 그러냐
- dc official App"
지듣틀락 [5],2021-11-12 13:27:51,막귀 병신들이나 까지 나같이 음향기기 40년 한사람은 진가를 안다는 말이지
오늘날 사태를 예측한 예언자들,2021-11-12 13:27:36,존 본햄과 나머지들의 곡들 중 제일 좋아하는 곡
hd599 배송 와서 듣는중인데 [3],2021-11-12 13:26:48,퐁퐁퐁퐁퐁퐁퐁
블프) N60NC Wireless 60불 [6],2021-11-12 13:25:44,n5005 듣다가 이거로 들으니까 꼴뚜기같네
아이스아메리카노 1500원도 존나아까움 [2],2021-11-12 13:23:10,"이건 무지성 구매할만한듯.
- dc official App"
득삼플 풀밸 언밸 밸 다 되는거임? [8],2021-11-12 13:22:33,"커피집 카드값통계보고 걍 원두새로 삼
- dc official App"
야 야야 [1],2021-11-12 13:21:54,이헤린이 뭔지 몰겠어
이따 셰에에서 보면 아는척해라 [23],2021-11-12 13:19:18,ㄷㄱㅈㅌㅈㅁㄹㅍ
셰에 입장할때 짱꼴라 하면서 발로 걷어차고 입장해라,2021-11-12 13:18:27,안녕하세요 갤럼입니다
이헤갤 졸업한다. 30살되면 다시 옴 [9],2021-11-12 13:17:58,눈나들 죽는다 죽어 하하
님들저개추좀요 [2/1],2021-11-12 13:17:57,"hd660s + dx3 pro+
lg 이어폰 번들

끝ㅋㅋ

돈 모아서 한 200정도 지를수 있을때 다시 옴

목표는
1. 포칼 클리어 정도 헤드폰
2. dac은 토핑 d90급
3. 앰프는 잘 모르겠다. 앰프빨이 있나? 출력만 나오면 되는거 아닌가

계속 뽐뿌와서 못버티겟다
ㅋㅋ
- dc official App"
퐁퐁이형은 한국에만 있는 게 아니었노 ㅋㅋㅋㅋㅋ [2],2021-11-12 13:16:39,쓸쓸해요
오늘 병원투어 가는날,2021-11-12 13:15:12,"임신한 41세 마누라가 15세 남학생이랑 놀아난 미국판 퐁퐁이형 ㄷㄷㄷㄷㄷ 
씨발 애새끼가 자기 애새끼라 이혼 소송도 애매하고 좆 같겠노 ㅋㅋㅋㅋ "
여기갤러리는 맞는말하면 다 바이럴이라고 하는구나.. [2],2021-11-12 13:14:42,"스케줄이 생각보다 빨리끝나서 기분이좋다

음부좀하다가야지"
어제 귀신들린것마냥 하이비 fc5 구매했다가 취소함,2021-11-12 13:12:25,"이래서 음악관련 장비는 글 조금만 자기주장이라 다르게쓰면 사기꾼,바이럴 소리듣는거구나 지린다.."
따스한햇살속사람마음냉소적일따름 ㅇㅇ,2021-11-12 13:12:14,리뷰가 시발 어떻게 국내외 다 뒤져서 3개고 죄다 두루뭉술하냐
냉수 ㅇㅇ,2021-11-12 13:10:48,ㄹㅂㅊㄷㄱㅁㅂㄴ
얘들아 요즘나오는 오디오DAP같은거 다 사기냐? [15],2021-11-12 13:09:33,ㄷㅈㅂㄴㄱㅇㄱㄷ
일렉트로마트 할인 자주함? [5],2021-11-12 13:09:12,"내가 중고나라에서 우연히 아수스 ? 유에스비 사운드카드를샀는데 (기종 ASUS xonar U3)
크기도작아서 출력도작고 노이즈도 심할거라고 생각했는데
내가가지고있는 퀘스타일 M12랑 같이 비교해봤는데
하드웨어 스펙으로볼땐 M12가 고임피던스도 지원하고 ESS칩셋에 MQA지원
TOREX전력 지원장치 등등 훨씬더 좋아보이긴한데
왜 같은 음원에서 들을때랑 볼륨차이가 이렇게 차이가나지?
5만원에산건데 오히려 퀘스타일M12가 더 소리의 해상력이나 보컬쪽에서 어둡게느껴진다
컴퓨터에 드라이버를 깔면 헤드폰앰프 기능을 수동으로 게인값을 조절할수있고
스마트폰에 OTG젠더끼고 쓰면 헤드폰앰프 기능이 자동으로 쭉 올라감
이어폰,헤드폰으로 비교해본건데 이어폰은 삼성번들 헤드폰은 HD600으로 비교해봤어
오디오라는게 정말 가격대가 중요한게아니라는걸 뼈저리게 느꼈다
쪼만한 사이즈에 광출력단자까지 지원해서 그건 좋은것같았고
그냥 내가 잘못된건지 궁금해서 글써봄.."
블투이어폰 정리해준다 2개면 끝판왕이다 [7],2021-11-12 13:06:00,타임스퀘어점 한번 가보까
셰에 이어폰 코시국에 막 돌려껴도 되는거임? [2],2021-11-12 13:05:05,"개소리 짓지말고
소니 1000XM4
삼성 버즈프로
2개가지고 잇으면 끝판왕이다


뭘살지 모르면 무조건 이둘중에 한개사라
2개다사면 더좋고"
게임 이퀄라이저질문은 어디가야함 [1],2021-11-12 13:04:42,한번 청음할때마다 청소하는걸도 아닐텐대;
알칠공 판매 페이지에 흐드륙보다 좋다는 글도 있노 [14],2021-11-12 13:04:29,ㅇㅇ?
조팬다 ㅇㅇ,2021-11-12 13:04:27,아무리 마이파이래지만 너무 올려치는 걸 ㄷㄷㄷㄷ
셰에 청담인데 옷 명품안입고 가면 무시함? [4],2021-11-12 13:04:19,ㄱㅅㅂㅇㄱ
Qc45랑 고민하다기 Wh 1000xm4샀다. [2],2021-11-12 13:03:48,차로 30분 거리 강남사는데 나 옷 거진데;
머전에 우박내린다 [7],2021-11-12 13:03:34,아무리 마이파이래지만 너무 올려치는 걸 ㄷㄷㄷㄷ
셰에 청음만 하고 나오면 븅신취급함? [6],2021-11-12 13:03:27,ㄱㅅㅂㅇㄱ
이렇게 사면 되지?,2021-11-12 13:02:47,차로 30분 거리 강남사는데 나 옷 거진데;
셰에 헤드폰 청음할건데 댁앰프 다 물려있음? [4],2021-11-12 13:01:34,실버가실제로보면 예쁘대서 실버 루다가샀다.
머전에 우박내린다 [7],2021-11-12 13:03:34,맞으면 기분나쁨
셰에 청음만 하고 나오면 븅신취급함? [6],2021-11-12 13:03:27,머 코스75라도 하나 사고 나와야 하는건가;
이렇게 사면 되지?,2021-11-12 13:02:47,"PC데탑 환경에

헤드폰
모니터링용 HD600
내 취향 HD660S
존버용 드랍 HD6XX

덱앰
젠캔 젠덱 V2 시그니처 세트

이렇게 생각해서 이달 월급부터 돈 모으려는데
추천할거 잇삼?"
셰에 헤드폰 청음할건데 댁앰프 다 물려있음? [4],2021-11-12 13:01:34,머 코스75라도 하나 사고 나와야 하는건가;
앤커 리버티3 프로가 버프에게 딸리네,2021-11-12 13:00:32,"PC데탑 환경에

헤드폰
모니터링용 HD600
내 취향 HD660S
존버용 드랍 HD6XX

덱앰
젠캔 젠덱 V2 시그니처 세트

이렇게 생각해서 이달 월급부터 돈 모으려는데
추천할거 잇삼?"
모나크 55에 징하게안팔리노 ㅋㅋㅋㅋㅋ,2021-11-12 12:59:55,"아니면 내가 댁앰프 들고가야함?
근데 댁앰프 고가로 물려있으면
내가 득삼플 사서 듣는거랑 차이 심하게 나는거 아닌가
그래봤자 한 10% 차인가?"
담배쩐내랑 땀냄새 스며든거는 진짜 가격 폭락함 [3],2021-11-12 12:56:40,"영디비도 그렇고
버즈프로는 삼성의 명작인가보다

LDAC 잇는 리버티3프로를 이겨버리네
버즈프로2 나오면 전설이될려나"
770 보다 ksc75가 더 소리좋게들리는데,2021-11-12 12:56:31,^거품^ 어서오고
와 야 셰에에 rs10들어왔는데? [3],2021-11-12 12:55:39,"저 두개가 빼는게 존나 힘들다

오디오기기 세탁기에 넣고 돌리는것도 아니고 손빨래할건데 손빨래로 냄새 존나 안빠짐

냄새나는데 멀쩡해보이는거로 비싸게 파는애들 많은데 그래서 직거래 필수임

꼭 패드 냄새 확인해라

안그러면 니 귀에 담배쩐내나 그새끼땀내 스며든다"
버즈프로 eq 조절 안됨?,2021-11-12 12:55:34,^거품^ 어서오고
임마 진자 죶지리냐 [1],2021-11-12 12:52:58,"저 두개가 빼는게 존나 힘들다

오디오기기 세탁기에 넣고 돌리는것도 아니고 손빨래할건데 손빨래로 냄새 존나 안빠짐

냄새나는데 멀쩡해보이는거로 비싸게 파는애들 많은데 그래서 직거래 필수임

꼭 패드 냄새 확인해라

안그러면 니 귀에 담배쩐내나 그새끼땀내 스며든다"
머야.. 댓글 언제 1만개 넘엇어 [4],2021-11-12 12:51:32,뭐지
이헤겔 짱깨 갤러리 개탄스럽노,2021-11-12 12:51:28,트니랑 소구백인가 암튼 좀 많이들어본애들 리뷰점;
음식도 씹덕이 대세다,2021-11-12 12:51:21,프리셋 밖에 안되냐?
직구 배송 8일지났는데 아직도 한국안왔는데 보통다이러냐?,2021-11-12 12:50:50,- dc official App
중고매물상태 어때보임 [9],2021-11-12 12:49:18,언제 저렇게 많이 쓴거야
이따 셰에가면 뭐들어볼까 [17],2021-11-12 12:48:03,30년전에는 디락 듣고 그랬는데 이제 국산 점령당해서 우짜노
좆 짱깨 새끼들은 왜 할인을 안하냐,2021-11-12 12:46:56,씹덕저격
병신새끼들 중국 속국 맞네 [3/1],2021-11-12 12:46:11,시발 언제오냐 비행기가 공중서 피격받았나 왜안와
현대미술,2021-11-12 12:45:17,내일사기로했으
헤린이 헤드폰 좀 봐주세요 [6],2021-11-12 12:45:04,"일단 키네라 상위라인이랑 프리즘, 타임리스는 들어볼 예정

캠파는 안들으려고 내 취향아니라서"
젠하이저 ie300 사보려는데 [1],2021-11-12 12:44:30,시발 열받네
이런노래 진짜 이어폰으로 어떻게 들었나 몰라 [3],2021-11-12 12:43:39,셰에마저 털렸노 흑흑
셰에가서 다른거들을거없다 이거만듣고와라 [8],2021-11-12 12:42:33,"근현대 미술사를 알고보면 끼요오옷!!!!
어떻게 이런 작품을????? 하는데
모르고보면 쉬발 이게 뭐노 함
그러다보니 작가가 중요해지는 것임"
중고판매할때 한번 혼쭐나보면 [10],2021-11-12 12:42:15,"저음 좋아함(베이스 침)

사람 목소리 선명한 것 좋아함



예산 30 안에서 해결 보려고 하는데

K371 M50x 정도 생각해 봤는데 뭐가 좋나요

다른 것도 있으면 추천 좀"
에탄올 안든 물티슈 있음? [1],2021-11-12 12:40:34,"ie300이랑 ie800이랑 차이큰가?
폰에 꽂아서 쓰려는데 c타입 어뎁터 추천좀!

- dc official App"
버즈플러스->버즈2 [6],2021-11-12 12:40:25,"https://www.youtube.com/watch?v=yUlaZxkqMbk
ㅋㅋ
- dc official App"
타임리스 정발25.5 vs 직구120달러 [7],2021-11-12 12:39:01,끼요옹오오오오오오오오오오옷
득삼플 살까? [2],2021-11-12 12:38:45,"중고판매 자체에 온갖 정떨어지는거 맞지


앞뒤 안재고 들어오는 무지성 네고부터


책임소재 불분명한 분쟁까지 


맘편이 새제품 사는게 오히려 싼걸지도 몰라"
빅스 뭐 살만한거있으? 오늘이 막날인데 [3],2021-11-12 12:38:41,"https://www.youtube.com/watch?v=yUlaZxkqMbk
ㅋㅋ
- dc official App"
에어팟 케이스에 고리 없는 거,2021-11-12 12:37:00,끼요옹오오오오오오오오오오옷
E30L30이나 득삼플이나 ㅅㅂㅋㅋ좃밥들끼리 머함,2021-11-12 12:36:40,"중고판매 자체에 온갖 정떨어지는거 맞지


앞뒤 안재고 들어오는 무지성 네고부터


책임소재 불분명한 분쟁까지 


맘편이 새제품 사는게 오히려 싼걸지도 몰라"
종 결 [8],2021-11-12 12:36:21,기본으로 든거 아님?
나는 단 한번도 네고해본적이 없음 [2/1],2021-11-12 12:36:09,"버플 한 1년 반 넘게 쓰고있는데 12만정도길래 
혹시 넘어간 사람 있나
차이 많이남??
음질이나 착용감 등등 면에서
노캔은 딱히 없어도되고 있어도됨
배터리가 버플이 길다해서 고민중"
점심 음감,2021-11-12 12:35:19,나쁘지않은 구매 맏냐...
현대미술은 인맥장사라며 [3],2021-11-12 12:35:02,"큐델 usb덱으로 쓰는데 차이많이나겠지?

일체형이면 하나사면 되냐?"
재밌는 척 하는 병신들 많이 보이노 [4],2021-11-12 12:34:04,ㅈㄱㄴ
"셰에 프리즘, 타임리스 실화냐... [8]",2021-11-12 12:33:22,"왜 다 사진처럼 키링이나 고리 달고 있는 거냐

매끈하게 에어팟만 덮는 거 없음?"
나는 현대 미술이란게 어느정도 이해가 가.. [2],2021-11-12 12:32:05,도토리키재기 ㅋㅋ
아 그러고보니까,2021-11-12 12:31:57,
wh 1000xm4 색깔고민. [3],2021-11-12 12:31:26,판매자가 고심해서 정한 금액이라 생각하기에
오르페우스가 6천만원짜리 개쩌는 헤드폰 맞지? [4],2021-11-12 12:30:56,"홀미타잇~
- dc official App"
리사수가 극찬한 일루미네이션들으러간다 [8],2021-11-12 12:30:46,"아무리 병신 같은 작품이라고 할지라도 얼마나 유명한 선배 미술가가 극찬을 해주는가에 따라 가격이 달라진다던데
그 얘기 듣고 존나 벙쪘음 ㅋㅋㅋㅋ 
그 얘기가 사실이면 몇 몇 파벌끼리 서로 극찬해주는 극찬 품앗이 같은 것도 있을 듯 ㅋㅋㅋㅋ "
득삼플 산 병신들은 평생 자위질만 해라 ㅋㅋ [1],2021-11-12 12:29:51,"홀미타잇~
- dc official App"
예전에 오르페우스는 스탁스가 OEM으로 만들어줬다는 썰이 있었는데 [1],2021-11-12 12:29:21,"아무리 병신 같은 작품이라고 할지라도 얼마나 유명한 선배 미술가가 극찬을 해주는가에 따라 가격이 달라진다던데
그 얘기 듣고 존나 벙쪘음 ㅋㅋㅋㅋ 
그 얘기가 사실이면 몇 몇 파벌끼리 서로 극찬해주는 극찬 품앗이 같은 것도 있을 듯 ㅋㅋㅋㅋ "
셰에청음목록 미쳤누 [20],2021-11-12 12:29:05,재미는 졷도 없는데 유쾌한 척 하는 병신들 ㅋㅋㄷㄷ
진짜종결....ㄹㅇ [8],2021-11-12 12:27:43,가슴이 웅장해진다...
시발 쿨거래충들 [3],2021-11-12 12:27:25,"그냥 아무것도 모르는 뉴비가

무선이 좋다고 주장하는거랑


이 분야에 몇년간 몸담던 사람이

가지고 있던 제품들 다 처분하고

무선이 답이라고 주장하는거랑


먼가 말의 무게감이 다르게 느껴져.."
"종결 = ""나 돈 없어."" [2]",2021-11-12 12:25:29,"리모컨 건전지 없어서 안썼는데
전원을 안켜서 그런건가

바로 켜지는 줄 알았는데 지금 매뉴얼 보니까
리모컨에 전원 버튼이 있네 ㅋㅋ"
셰에에 차이파이 많이 들어왔네,2021-11-12 12:24:04,"실버가 예쁘긴한데 때가잘탈것같고

블랙은 안예뻐보이기는하는데 때안타서 오래쓸 수 있을것같긴한데

햇빛나면 빛흡수해서 뜨겁지 않으려나? 

그럴정도면 차피 실버써도 똑같으려나?

고민고민;; "
오르페우스가 6천만원짜리 개쩌는 헤드폰 맞지? [4],2021-11-12 12:30:56,무나 받습니다 +_+
리사수가 극찬한 일루미네이션들으러간다 [8],2021-11-12 12:30:46,"딱대라
- dc official App"
득삼플 산 병신들은 평생 자위질만 해라 ㅋㅋ [1],2021-11-12 12:29:51,"실버가 예쁘긴한데 때가잘탈것같고

블랙은 안예뻐보이기는하는데 때안타서 오래쓸 수 있을것같긴한데

햇빛나면 빛흡수해서 뜨겁지 않으려나? 

그럴정도면 차피 실버써도 똑같으려나?

고민고민;; "
예전에 오르페우스는 스탁스가 OEM으로 만들어줬다는 썰이 있었는데 [1],2021-11-12 12:29:21,무나 받습니다 +_+
셰에청음목록 미쳤누 [20],2021-11-12 12:29:05,"딱대라
- dc official App"
진짜종결....ㄹㅇ [8],2021-11-12 12:27:43,어차피 원박스라 e30 l30한테 찢기는게 팩트
시발 쿨거래충들 [3],2021-11-12 12:27:25,ㅇㅇ
"종결 = ""나 돈 없어."" [2]",2021-11-12 12:25:29,- dc official App
셰에에 차이파이 많이 들어왔네,2021-11-12 12:24:04,"쿨거래가 먼지 모르나 바로 네고시전하네
 2만원 깎고 쿨거래 해여 ~~ 하면서"
이헤갤 종결 스펙 알려준다 [7],2021-11-12 12:23:22,ㄹㅇ
소니 xf-1000xm3 vs 에어팟프로 뭐가 나음 [1],2021-11-12 12:23:08,"지금 셰에 홈피에서 브랜드 누르고 들가면 제품들 추가됨
- 수듄"
득삼플 오류 존나 많은데 ㅋㅋ [6],2021-11-12 12:19:09,내가 존나 좆뉴비지만 논란 없는 이헤갤 종결 스펙 정도는 알고 있다 이기야
순다라 중고 20~21만원대에 팔면 잘팔림? [8],2021-11-12 12:18:14,"필요한거 노캔
인데 폰 패드가 애플임

근데 팟프로가 너무 비싸서 고민중 곧 2 나올것같기도해서 찜찜 "
나는 종결 절대 안낼거야.. [4],2021-11-12 12:17:58,"어휴 노이즈 들린다는 거랑 뭐 기타 자잘한 오류

ㅈㄴ 많뉴 ㅋㅋㅋㅋㅋ

광군제에 신 흑두루미들 조만간 오열"
파워앰프에서 저정도라니 놀랍다 [6],2021-11-12 12:15:36,"전파법 개정된 거 시행중이라는데
19년 말쯤에 타오바오에서 직구로 구매한데다가 기스도 있어서 
b급정도 치면 20만원 초반대가 나을거라 생각하는데 
아니면 더 후려쳐야 댐?"
"7,500₩ c타입 번들 떴냐? [9]",2021-11-12 12:15:08,이헤갤 평생할래
소니 실버 때 잘탐? [1],2021-11-12 12:15:02,"450여개의 앰프중 랭킹3위급이야

저 리스트는 asr 및 스테레오파일등등에서 측정된 시나드 리스트 모아놓은거임

https://docs.google.com/spreadsheets/u/0/d/1ZlTOYxmPs938gqHjtDABkWS-MApu7uJjzIGnJ2Elm6Y/htmlview#gid=0"
종결 = 선 가위로 다 잘라버리기 [3],2021-11-12 12:14:44,"ㅇㅇ.. 편하네
- dc official App"
짱깨음향기기 = 사탄의음향기기,2021-11-12 12:10:51,"WH 1000XM4 블랙,실버중에 고민중인데

실버 때 잘타냐?

그럼 블랙갈라고 "
득삼플 배송와서 블루레이 플레이어에 연결했는데 [4],2021-11-12 12:09:38,"https://www.youtube.com/watch?v=3nAs-iAPoeM
ㅇㄱㄹㅇ
- dc official App"
종결 [16],2021-11-12 12:08:53,ㄹㅇ
집 접지가 안 좋은 사람들은 멀티탭 바꾸고 소리 좋아질 법도 함 [1],2021-11-12 12:08:33,"450여개의 앰프중 랭킹3위급이야

저 리스트는 asr 및 스테레오파일등등에서 측정된 시나드 리스트 모아놓은거임

https://docs.google.com/spreadsheets/u/0/d/1ZlTOYxmPs938gqHjtDABkWS-MApu7uJjzIGnJ2Elm6Y/htmlview#gid=0"
알리 25달러 할인쿠폰 광클해서 받았다 [2],2021-11-12 12:08:29,"ㅇㅇ.. 편하네
- dc official App"
알리에 디락 사도됨? [1],2021-11-12 12:04:56,"WH 1000XM4 블랙,실버중에 고민중인데

실버 때 잘타냐?

그럼 블랙갈라고 "
토핑 새로운 파워앰프가 굉장한 측정치를 자랑했다 [6],2021-11-12 12:04:53,"https://www.youtube.com/watch?v=3nAs-iAPoeM
ㅇㄱㄹㅇ
- dc official App"
근데 멀티탭 바꾸니까 소리가 좀 달라진거 같은데 [1],2021-11-12 12:04:38,ㄹㅇ
웨이브넷 접지탭이 싫어??? [11],2021-11-12 12:00:27,"무슨 ink? inh? 에러뜨던데 왜 뜨는거임?
옵티컬로 연결했음..

사용전에 무슨 세팅 해줘야 함?"
밸런스 언밸런스 풀밸런스 차이가 머임? [3],2021-11-12 12:00:14,- dc official App
비엔토 소보원에 상담신청 넣었다 [7],2021-11-12 11:59:05,"https://www.youtube.com/watch?v=3nAs-iAPoeM
ㅇㄱㄹㅇ
- dc official App"
헤드폰 앰프 단자로 고민이라구??? [4],2021-11-12 11:58:59,ㄹㅇ
자브라 엘리트 85t vs 버즈2 [1],2021-11-12 11:57:55,"무슨 ink? inh? 에러뜨던데 왜 뜨는거임?
옵티컬로 연결했음..

사용전에 무슨 세팅 해줘야 함?"
wf1000xm4 소리 진짜 개좋네 [6],2021-11-12 11:57:34,ㄹㅇ
그렇게 따지면 L30도 단자 문제있는거 아녀? [6],2021-11-12 11:54:02,"무슨 ink? inh? 에러뜨던데 왜 뜨는거임?
옵티컬로 연결했음..

사용전에 무슨 세팅 해줘야 함?"
메이주 꼬다리 이거 써본사람잇음? [12],2021-11-12 11:53:26,- dc official App
이렇게 놓고 쓸라고 [26],2021-11-12 11:51:46,뭐 인터넷 농담처럼 화력발전고 전기는 화끈한 소리가 나고 수력발전소 전기는 맑은 소리 머시기처럼 터무니없지만은 않아 이 말임 ㄷㄷㄷㄷ 
요기패스말인데 이득맞냐,2021-11-12 11:49:24,"섹스~~
이걸로 오늘도 뭐 사야겟다
- dc official App"
덱앰세트 추천좀 해주라 [8],2021-11-12 11:43:04,"구매평 0%임
- cd official App"
꿔바로우가 땡기네.. [2],2021-11-12 11:41:23,와
알리 wh-1000xm4 정품 있을까,2021-11-12 11:41:18,"미쳐버린건가?? 
플라시보인가?? 

좀 더 밝아진 느낌"
11월 갤창랭킹 1위 바쿤유저,2021-11-12 11:38:46,그럼 ifi ㄱㄱ
알칠공이랑 흐드륙 소리차이가 진짜 이렇게남? [8],2021-11-12 11:36:30,ㅇㅇ 이헤린이 궁그매
아파트 ll로 pc랑 연결하면 리듬겜가능? [9],2021-11-12 11:33:55,그럼 ifi ㄱㄱ
n3ap 3년쓰다 뒤졌는데 [2],2021-11-12 11:32:42,ㅇㅇ 이헤린이 궁그매
군바리 점심짬밥 [12],2021-11-12 11:32:32,"내용 다 적는데 2시간 걸렸다

아오
- 수듄"
지하층은 확진자 줄어들면가,2021-11-12 11:32:02,"https://youtu.be/SB69uSrwcKI

영국맛 하쉴?"
6.3이랑 3.5랑 뭔차이지?. [1],2021-11-12 11:31:57,"지금 쿠팡 셀가 자브라 14만 2100원
현재 버즈2 쓰는중 머가나음?"
아무 이비인후과 가도 청력검사 해줌? [1/1],2021-11-12 11:31:47,"딱 듣자마자 과장 안하고
비싼 댁엠에 수십짜리 유선 듣는 느낌받음
일단 공간감이 탈 이어폰임 진짜 헤드폰 듣는줄알았노
개미쳤다"
만약 접지가 안되어있거나 집이 낡았으면 [18],2021-11-12 11:27:29,"이건 6.3하나만 넣어줫자너

4.4나 3.5도 추가류 넣어주ㅓ야지."
이비인후과 가서 왕건이 뺄때 뭐라고 해야돼? [1],2021-11-12 11:25:20,"샘숭 기본꼬다리 쓰는데 이거 존나 접합부 병신같이 덜렁거리더니 벌써 살짝 단선 올락말락하는거같아서

이거 살바에 걍 돈 얹어서 하이파이 프론가 사는게 낫냐"
포터블앰프 실리콘 밴드 오디서 구함?,2021-11-12 11:22:09,"이건 6.3하나만 넣어줫자너

4.4나 3.5도 추가류 넣어주ㅓ야지."
메이주 꼬다리 이거 써본사람잇음? [12],2021-11-12 11:53:26,"샘숭 기본꼬다리 쓰는데 이거 존나 접합부 병신같이 덜렁거리더니 벌써 살짝 단선 올락말락하는거같아서

이거 살바에 걍 돈 얹어서 하이파이 프론가 사는게 낫냐"
이렇게 놓고 쓸라고 [26],2021-11-12 11:51:46,"usb b to c 해서 득삼이랑 폰으로 연결하고 아톰햄우 뙇


득삼이 단점을 완전히 없애버렸다 좋아"
요기패스말인데 이득맞냐,2021-11-12 11:49:24,3개월 5천원인데
덱앰세트 추천좀 해주라 [8],2021-11-12 11:43:04,3개월 5천원인데
꿔바로우가 땡기네.. [2],2021-11-12 11:41:23,피시파이 하려는데 가성비로 추천해줄만한거 있어?
알리 wh-1000xm4 정품 있을까,2021-11-12 11:41:18,ㅇㅇ
11월 갤창랭킹 1위 바쿤유저,2021-11-12 11:38:46,"95달러 쿠폰 당첨되서 사려고 하는데

3도 괜찮은데…"
알칠공이랑 흐드륙 소리차이가 진짜 이렇게남? [8],2021-11-12 11:36:30,ㅇㅇ
아파트 ll로 pc랑 연결하면 리듬겜가능? [9],2021-11-12 11:33:55,"알칠공이 저음 조금 더 들리고 그냥 고음 사포질로 없앤거 같은 소리나는데..?
그리고 선명도랑 분리도가 흐드륙이 그냥 씹넘사같은데; 뭔가 들어오는 정보량이 흐드륙이 훨씬 디테일하고 많은느낌?
대충 음색이나 주파수가 이런느낌으로 차이나고
알칠공이 흐드륙보다 공간감이 더 넓다 라고 생각하면됨?
상상청음하려니 힘드네; 기본이 저상태고 eq질 하면 결국 알칠공이랑 흐드륙이 비슷해지나"
n3ap 3년쓰다 뒤졌는데 [2],2021-11-12 11:32:42,"Aptx ll로 연결하면
리듬게임 가능할지 궁금함.
그거되면 에이오닉 50사서
밖에선 폰으로 ldac음악감상
집에선 컴이랑 apt ll로 연결해서
디제이맥스 하고싶은데.
어떠려냐?
리듬겜안되면 걍 xm4사서
밖에선 ldac무선연결로 음감.
안에선 유선연결로 겜할라구"
군바리 점심짬밥 [12],2021-11-12 11:32:32,"동가격대 같은 만족도주는 이어폰 있을까??

걍 또 살까
- dc official App"
지하층은 확진자 줄어들면가,2021-11-12 11:32:02,"부대찌개 멸치볶음 오믈렛

후식 메로나


근래 먹었던 점심들"
6.3이랑 3.5랑 뭔차이지?. [1],2021-11-12 11:31:57," 지금 지방별로 알림뜨는곳이 지하 유흥업소가 많아
- dc official App"
아무 이비인후과 가도 청력검사 해줌? [1/1],2021-11-12 11:31:47,"그냥 크기 차이 아닌가

손가락으로 휙휙 돌려주면 변환되는거 아녀?

아니면 그냥 손으로 뽑는 형식도 잇구"
만약 접지가 안되어있거나 집이 낡았으면 [18],2021-11-12 11:27:29,대학병원 가야됨?
이비인후과 가서 왕건이 뺄때 뭐라고 해야돼? [1],2021-11-12 11:25:20,"이 멀티탭 추천함




써지 방지용으로 나온 멀티탭인데

오디오용으로 많이쓰는거같더라

돼지코 접지된거로 노이즈안잡히면

이거한번 도전해봐  나도 방금주문함"
포터블앰프 실리콘 밴드 오디서 구함?,2021-11-12 11:22:09," 검사하고 서비스야?



아니면 귀청소만 따로해줘?
- dc official App"
시발 노이즈였었네,2021-11-12 11:21:54," 지금 지방별로 알림뜨는곳이 지하 유흥업소가 많아
- dc official App"
귓구멍 크기는 다른 신체사이즈랑 무관함? [1],2021-11-12 11:20:38,"그냥 크기 차이 아닌가

손가락으로 휙휙 돌려주면 변환되는거 아녀?

아니면 그냥 손으로 뽑는 형식도 잇구"
방금 케이블가이 기사님이랑 통화했음 [6],2021-11-12 11:19:40,대학병원 가야됨?
진자 부랄 터질수가잇냐,2021-11-12 11:18:07,"이 멀티탭 추천함




써지 방지용으로 나온 멀티탭인데

오디오용으로 많이쓰는거같더라

돼지코 접지된거로 노이즈안잡히면

이거한번 도전해봐  나도 방금주문함"
득삼플 통수맞은거 같은데? [5],2021-11-12 11:14:58," 검사하고 서비스야?



아니면 귀청소만 따로해줘?
- dc official App"
두 개 사면 됌?,2021-11-12 11:13:43,dap이랑 앰프 실리콘 밴드로 연결해서 듣던데 어디서 구하는지 가르쳐주세..
"알리 합배송들 왔다(rca, 아톰앰프 노브 등등) [21]",2021-11-12 11:12:47,"집이 낡아서 접지가 안되있어서 접지 콘센트 쓰고 있는 신세인데
젠캔 사고나서 먼가 쓰쓰쓰 거리는 소리가 가끔 들리는거임
특정 노래에서만 나오길래 난 무슨 효과음인줄 알았는데 한달정도 쓰다보니 노이즈란걸 알았음

그래서 기존에 쓰던거 말고 다른 존나 두꺼운 접지 콘센트 바꿔 끼니까 귀신같이 사라지네 ㅅㅂ"
라놀린 아노하나보고 질질짤놈인데,2021-11-12 11:12:49,연관있는 부위 없냐
이어팁 사서 처음 쓰기전에도 세척함? [2],2021-11-12 11:12:21,"저거 2.5mm 단자 쓰는 이유를 들어봤더니 많이 고민하시고 저거 고르신 거 같더라고.
원래 케이블가이도 락킹 단자를 썼었대는데 제대로 안 잠겨서 컴플레인 걸리는 경우가 많았대더라.
글고 기사님은 선재 피복 안 벗기고 케이블 만드는 거 별로 추천 못한대 ㅎ 
어짜피 귀때기 쪽으로 선 내려면 피복 반갈죽하고 안에 선 따서 해야 하는데 색 있는 수축튜브를 쓰면 존나 금방 보기 싫게 너덜 거리는 이슈가 있다고 하더라고.
그래서 내구성 좋은 투명 수축튜브 쓰는 거라고 설명해주시더라 ㄷㄷㄷㄷㄷ
머 안 그래도 어련히 고민하고 작업하시는 게 아니시겠지 싶어서 기본 선에 2.5mm 단자만 달아서 해달라고 말씀 드렸음."
너네는 귀두 만지지마라;,2021-11-12 11:11:10,dap이랑 앰프 실리콘 밴드로 연결해서 듣던데 어디서 구하는지 가르쳐주세..
토핑 득삼플플 또 통수치지 않을까 [6],2021-11-12 11:07:39,"집이 낡아서 접지가 안되있어서 접지 콘센트 쓰고 있는 신세인데
젠캔 사고나서 먼가 쓰쓰쓰 거리는 소리가 가끔 들리는거임
특정 노래에서만 나오길래 난 무슨 효과음인줄 알았는데 한달정도 쓰다보니 노이즈란걸 알았음

그래서 기존에 쓰던거 말고 다른 존나 두꺼운 접지 콘센트 바꿔 끼니까 귀신같이 사라지네 ㅅㅂ"
라놀린아 다리털 나만알려주라;,2021-11-12 11:05:11,연관있는 부위 없냐
요즘왜 죶모나 최준서가 안보이냐,2021-11-12 11:04:37,"저거 2.5mm 단자 쓰는 이유를 들어봤더니 많이 고민하시고 저거 고르신 거 같더라고.
원래 케이블가이도 락킹 단자를 썼었대는데 제대로 안 잠겨서 컴플레인 걸리는 경우가 많았대더라.
글고 기사님은 선재 피복 안 벗기고 케이블 만드는 거 별로 추천 못한대 ㅎ 
어짜피 귀때기 쪽으로 선 내려면 피복 반갈죽하고 안에 선 따서 해야 하는데 색 있는 수축튜브를 쓰면 존나 금방 보기 싫게 너덜 거리는 이슈가 있다고 하더라고.
그래서 내구성 좋은 투명 수축튜브 쓰는 거라고 설명해주시더라 ㄷㄷㄷㄷㄷ
머 안 그래도 어련히 고민하고 작업하시는 게 아니시겠지 싶어서 기본 선에 2.5mm 단자만 달아서 해달라고 말씀 드렸음."
L30에 할인코드 달라 그러면 왕복 뺨싸대기 몇회 가능하냐 [5],2021-11-12 11:03:58,연관있는 부위 없냐
속보)셰에 지하1층 오픈(ㄷㄷㄷㄷㄷ) [35],2021-11-12 11:02:42,"저거 2.5mm 단자 쓰는 이유를 들어봤더니 많이 고민하시고 저거 고르신 거 같더라고.
원래 케이블가이도 락킹 단자를 썼었대는데 제대로 안 잠겨서 컴플레인 걸리는 경우가 많았대더라.
글고 기사님은 선재 피복 안 벗기고 케이블 만드는 거 별로 추천 못한대 ㅎ 
어짜피 귀때기 쪽으로 선 내려면 피복 반갈죽하고 안에 선 따서 해야 하는데 색 있는 수축튜브를 쓰면 존나 금방 보기 싫게 너덜 거리는 이슈가 있다고 하더라고.
그래서 내구성 좋은 투명 수축튜브 쓰는 거라고 설명해주시더라 ㄷㄷㄷㄷㄷ
머 안 그래도 어련히 고민하고 작업하시는 게 아니시겠지 싶어서 기본 선에 2.5mm 단자만 달아서 해달라고 말씀 드렸음."
니어오토마타 정주행이나 해야겟다,2021-11-12 11:01:22,ㅇㅇ
진자 스테로이드하면 ㅈㅇ힘드냐?,2021-11-12 11:00:31,이거랑 거의 다를게 없어보이
(속보) 2021 맥북 프로 사전예약 시작함,2021-11-12 11:00:10,E30 L30 ?
아레레...? [9],2021-11-12 10:59:47,"저 3개 패키지를 한번에 묶어서...배송쓰..
rca는 배송 1주일 전에 시켰던건데 바로 하루전에 시킨 메탈노브랑 합배송 걸려서 ㅅ...ㅂ

일단 하나하나 봅시다



알리 rca 케이블
구매평 많고 이쁘게 생긴거 시켰는데 늦은거 빼고 ㅈㄴ만족중 ㅇㅇㅇㅇ 체결이 ㅈㄴ 빡빡한거 빼고 품질, 길이, 연결성 다 만족함

잘산듯



아톰앰프가 플라스틱 싸구려 노즐이라 돌리는 맛도 없고 ㅈㄴ 잘빠져서 불만이었음..ㅇㅇ
그래서 베탈노브 하나 시켰는데 ㅈㄴ좋음
근데 안쪽 조절나사가 빠개져 와서 집에있는걸로 억지로 끼워맞춤... 그거 빼고는 아날로그 돌리는 감도 좋고 만족임



저건 폰 스탠드인데, 득삼이랑 usb b to c 연결해서 폰으로 쓸라고 산거임
근데 usb케이블이 아직도 안오네 야발"
이헤남 아도라마 륙세해 [4],2021-11-12 10:59:05,애니안본다드라 ㅈㄹ아니냐
나 옷다벗고잇다 [1],2021-11-12 10:58:44,왜 안깨끗해보이냐
HD800s 청음했는데 [3],2021-11-12 10:58:40,ㅇㅇ
응긔2잇 세금으로 매일뭐쳐먹냐 [1],2021-11-12 10:54:52,"EX5 구매자들 통수 맞은 것처럼
6.5단자나 xlr 단자 하나 더 달려서 나오면
- dc official App"
롯데리아 vs 마라탕 머가낫냐 [4],2021-11-12 10:54:10,ㅇㅇ
qc45 배달되는거 보고 [29],2021-11-12 10:51:24,ㅇㅇ
R70x 다시사야하나?? [15],2021-11-12 10:51:05,30회?
58읍이랑 흐드륙이랑 해상도차이 심한거아님? [9],2021-11-12 10:47:41,"첫짤에 타이오디오 미친 ㅋㅋㅋㅋㅋㅋㅋㅋ
- dc official App"
근데 b동사가 머냐? [1],2021-11-12 10:47:16,ㅇㅇ
어제 빼빼로 하나도 못받은사람 설마있냐 [15],2021-11-12 10:46:46,ㅇㅇ
이것저것 사는이유가 종결를못해서라캄 [5],2021-11-12 10:46:38,"검색하다 우연히 발견했는데
각 쇼핑몰별로 최저가 정리되어 있네
>맥북프로사전예약리스트

다들 득템하시길 바란다."
너네 부랄만지고하냐?,2021-11-12 10:44:44,이게 갑자기 왜 뜨냐..;;
음감보다 기변에 즐거움을 느끼게되면 [17],2021-11-12 10:43:51,
hedo 십새꺄 마라탕연구 그만해라;,2021-11-12 10:41:00,ㅇㅇ
HD800s 청음했는데 [3],2021-11-12 10:58:40,왜 에어팟맥스보다 음악적으로 덜 신나는 느낌임...?
응긔2잇 세금으로 매일뭐쳐먹냐 [1],2021-11-12 10:54:52,"검색하다 우연히 발견했는데
각 쇼핑몰별로 최저가 정리되어 있네
>맥북프로사전예약리스트

다들 득템하시길 바란다."
롯데리아 vs 마라탕 머가낫냐 [4],2021-11-12 10:54:10,이게 갑자기 왜 뜨냐..;;
qc45 배달되는거 보고 [29],2021-11-12 10:51:24,
R70x 다시사야하나?? [15],2021-11-12 10:51:05,ㅇㅇ
58읍이랑 흐드륙이랑 해상도차이 심한거아님? [9],2021-11-12 10:47:41,왜 에어팟맥스보다 음악적으로 덜 신나는 느낌임...?
근데 b동사가 머냐? [1],2021-11-12 10:47:16,나는안주냐
어제 빼빼로 하나도 못받은사람 설마있냐 [15],2021-11-12 10:46:46,ㅇㅇ
이것저것 사는이유가 종결를못해서라캄 [5],2021-11-12 10:46:38,몇일 사용하면서 엘지 번들이랑 같이 써보고 오래 쓸거같은거만 남기고 넘길까..흠냐 고민고민
너네 부랄만지고하냐?,2021-11-12 10:44:44,"25.4 뜬거 그냥 참을까?


헤드파이 귀찮아서 다내쳤는데


고민이다"
음감보다 기변에 즐거움을 느끼게되면 [17],2021-11-12 10:43:51,"https://youtu.be/kdNgbkPDujw

이거 비교들어보면 진짜 흐드륙은 원음 그대로랑 똑같네;; 소름돋을정도로 
FR이 58읍이 흐드륙대비 저음 좀높고 고음 좀 낮은건데
그 FR이 문제가아니라 흐드륙이 중고음 해상도랑 분리도에서 한 1.5배는 더 좋은거 같은데 
저 독일아재는 6읍읍은 그냥 별로고 58읍이 흐드륙보다 더 듣기편하고 좋다고하네
이것만 들어봤을땐 난 그냥 헤드폰 체급자체가 흐드륙이 더 높다고 느껴지는데

둘다 써본애들 없나? 있을리가없나 흐드륙있으면 58읍을 살이유가없으니"
hedo 십새꺄 마라탕연구 그만해라;,2021-11-12 10:41:00,ㅇㅇ
밑에 파이널 이어폰 물어본 놈인데. [3],2021-11-12 10:40:39,없겠지 ?
85t보다 7 pro가 좋지않냐? [3],2021-11-12 10:39:58,"큰거하나씩 사고 종결해야 지갑을지킨다

ㅇㄱㄹㅇ"
야동이나봐야겟다 [3],2021-11-12 10:39:19,ㅇㅇ
dac 20만원짜리랑 50만원 짜리랑 차이 있음? [4],2021-11-12 10:37:26,그게 진짜 갤질의 시작인듯....
hedo야.. hedo야.. hedo야.. hedo야.. hedo야..,2021-11-12 10:37:24,몸에안좋다;
hedo 얼른나와라,2021-11-12 10:36:34,"밑에 파이널 이어폰 물어본 놈인데.

인터넷 찾아보니 핸드폰은 또 다르다고 하네.
아이폰만 쓰면 100 / 200 / 300 중 어떤 걸 써야 하냐?

보컬곡 많이 듣는 편임."
스테로이드하면 진자 젖탱이생기냐,2021-11-12 10:34:36,"75t 업글이긴 해도 가볍잖어
- dc official App"
R70x 커케 케이블가이에서 가능하댄다 [6],2021-11-12 10:34:09,하시모토 어떠냐
버즈라이브 한짝없어져서 바꾸려는데 추천좀 [2],2021-11-12 10:33:05,"여기는 체감 어렵다고 하는데 (dac은 가격 몇배 정도 나도 체감이 힘들다)
영디비 같은 곳에서는 체감 꽤 있다고 하네
- dc official App"
다들 좋은 아침! [7],2021-11-12 10:31:48,ㅂㅈ
wf-1000xm4로 인해 모든 유선 이어폰은 이제 [1],2021-11-12 10:31:09,배달뭐시키는게낫냐
아노하나 극장판나온건 알고잇냐 [2],2021-11-12 10:30:39,하시모토 어떠냐
85t 할인하네 [6],2021-11-12 10:30:22,"여기는 체감 어렵다고 하는데 (dac은 가격 몇배 정도 나도 체감이 힘들다)
영디비 같은 곳에서는 체감 꽤 있다고 하네
- dc official App"
오늘 화이자1차맞으러갈건데 맞으면 어케되냐 [3],2021-11-12 10:29:21,ㅂㅈ
그라도 소아온 이런거는 콜라보안하냐,2021-11-12 10:29:08,배달뭐시키는게낫냐
무선들은 이게 문제야 [13],2021-11-12 10:27:38,진자냐;
Xenon 임마도 스테로이드한거같은데;,2021-11-12 10:27:20,"https://cableguy.com/shop/mall.php?cat=024008014&query=view&no=183266
위 링크에서 2번 옵션으로 주문해서 메모에 R70x용으로 해달라고 기입하면 된다고 함.
배송비 합쳐서 3만 8천원 나온다.
카나레 선재 피복 벗겨서 내부 선재 꼬아서 만드는 케이블이고 난이도상 1.5m까지만 만들어줄 수 있다고 함.
개인적으로 심재가 뭐 들어갔는지도 모를 케이블 사는 거 보단 검증된 무산소동 케이블이 더 낫다고 생각해서 주문했음.
사진 상의 단자 모양으로 봐서는 원래 오테 선 단자처럼 락킹 되는 단자는 아니고 걍 단자부를 길게 빼서 꽂히게 한 단자를 쓰는 거 같음.
피복 안 벗긴 선재로 케이블 만들어 줄 수는 없냐고 물어보려다가 케이블 가이 전화 받는 분은 그야말로 전화만 받는 분이셨던지라 포기하기로 했음 ㅅㅂ ㅠㅠ
저 단자 오테 헤드폰에 확실히 쓸 수 있는 거냐고 물어봤더니 자기는 케이블 기술자가 아니라서 그런 거 물어봐도 전혀 모른대더라 ㅋㅋㅋㅋㅋ
케이블 가이 문의 하려는 게이들은 제작 게시판에 글 써서 문의하고, 전화는 해봐야 존나 소용 없다는 건 참고해둬라 이기 ㅋㅋㅋ
여튼 내 물건 받아보고 제대로 소리나면 다시 후기 남기러 오겠음"
헬창녀 얼른 부랄인증해라,2021-11-12 10:26:31,"지금 버즈프로 버즈2 xm4장도 생각하고있는데 다른거나  이중에서 추천좀
껴본건 라이브 전에 아마존 에코버즈였나 그거써봄
음질은 프로나 xm4인건 아는데 착용감좋은 버즈2랑 고민되네 어떤거 많이쓰냐"
젠하 6번대 1짱이 누구임 [9],2021-11-12 10:24:59,너 빼구..
헬창녀 점마 스테로이드한거아니냐;,2021-11-12 10:24:51,아웃 오브 안중!
상상청음 [9],2021-11-12 10:23:38,ㅇㅇ
에코로 출근중 [5],2021-11-12 10:21:19,tn
그냥 사지 말고 상상청음 하고 사라 [10],2021-11-12 10:16:36,tn
해드밴드에 니트 씌우면 오래씀??,2021-11-12 10:15:57,
쿠팡 자브라 85t 14만원에 땃는데 살만해? [4],2021-11-12 10:12:03,포켓몬보면 때가온거같은데..
모멘텀3 거르고 10만원더주고 wh1000xm4 살만하냐? [2],2021-11-12 10:09:42,"댐핑감이 모잘라...

빠와가 필요해..








- dc official App"
진자냐 <- 이거 이헤갤 유행어임? [3],2021-11-12 10:08:10,우찌생각하냐
아무래도 보컬은 리사 못따라오드라; [2],2021-11-12 09:58:18,쫄리냐?
카드사 어플들은 왤케 결제하기 좆같게 만들었을까? [1],2021-11-12 09:56:54,고민중
유튜브 뮤직 음질 많이 구린편임? [1],2021-11-12 09:56:54,ㅇㅇ
이러면 에어팟 3 살만하냐? [7],2021-11-12 09:54:50,상상음부 상상섹스 상상결혼 상상사망
득삼플프로 모바일칩 실화임? 뭐야 업자풀렸었나 [5],2021-11-12 09:52:31,"몰랐는데 저기 마이크 같은데 led 나옴 ㄷㄷ







- dc official App"
무선이어폰 유닛 배터리 시간 긴거 추천좀 [2],2021-11-12 09:46:10,"청음을 못하면 상상청음이라도 해야지 고럼고럼





- dc official App"
qc45나주면 안대냐.. [1],2021-11-12 09:45:28,알리같은 곳에서 파느 니트로 된 헤드밴드 보호대 그거 씌우면 가죽 영원히 안 닳는다고 봐도되냐?
뉴비 일단 뉴하나는 삿는데 질문좀.. [3],2021-11-12 09:45:20,일단 사놓긴 했는데 별로면 취소할려고 
qc45 7일 개봉도무료반품인데 [1/1],2021-11-12 09:39:45,"모멘텀3 23
wh 1000xm4 33
둘중 뭐사지? 흠;; "
득삼플플이 코드 모조 바르고 거의 큐티스트급이네 [5],2021-11-12 09:38:21,진지하게 이건 바이럴 유행어 될 가능성있어보이는데 
헤드폰 추천 좀 해줄래? (조건 적음) [4],2021-11-12 09:37:36,ㅇㅇ
카드사 어플들은 왤케 결제하기 좆같게 만들었을까? [1],2021-11-12 09:56:54,그래서 페이코나 카카오페이 같은 거 안 되는 사이트 들은 결제하기 짜증남 ㅋㅋㅋㅋ
유튜브 뮤직 음질 많이 구린편임? [1],2021-11-12 09:56:54,그래서 페이코나 카카오페이 같은 거 안 되는 사이트 들은 결제하기 짜증남 ㅋㅋㅋㅋ
이러면 에어팟 3 살만하냐? [7],2021-11-12 09:54:50,맞음?
득삼플프로 모바일칩 실화임? 뭐야 업자풀렸었나 [5],2021-11-12 09:52:31,"집에서는 유선으로 쓰고 있음
(fh3, hd560s)


폰은 갤럭시고 버즈2 있음
버즈2는 주로 이동 시에 씀


아이패드 쓰는데 학교에서 공부할때나 스카갈때
쓰게 에어팟 3 살까하는데 어떰?
에어팟2 있는데 존나 오래써서 그런가 밧데리 조루임"
무선이어폰 유닛 배터리 시간 긴거 추천좀 [2],2021-11-12 09:46:10,뭔 젠캔 젠댁 이랑 el30보다 낫다더니 그냥 모바일칩이였냐 어휴..
qc45나주면 안대냐.. [1],2021-11-12 09:45:28,"버즈플러스 쓰고있긴한데 배터리 시간 적응 되버려서 짧은거 못쓰겠어
- dc official App"
뉴비 일단 뉴하나는 삿는데 질문좀.. [3],2021-11-12 09:45:20,ㅇㅇ
qc45 7일 개봉도무료반품인데 [1/1],2021-11-12 09:39:45,"알리에서 13.8에 뉴하나 삿고

안드 유저임

꼬다리 어떤거 사야할지 모르겠는데 추천좀..

그리고 이거 음감할때 그냥 유튜브 뮤직으로 들어도 됨??

타이달?? 그거쓰는게 좋아??
- dc official App"
득삼플플이 코드 모조 바르고 거의 큐티스트급이네 [5],2021-11-12 09:38:21,"좀 진득하게 들어보고, 결정할수 있을거 같아 좋은 기횐데..

고민된다 시바.."
헤드폰 추천 좀 해줄래? (조건 적음) [4],2021-11-12 09:37:36,"측정치 보니까 모조보다 몇단계 위에다가

거의 큐티스트급이네....

득삼플플 120달러에 샀는데 가성비 좋네"
케이블 가이에 R70x문의해보니까 전에 이렇게 작업하셨대는데 [4],2021-11-12 09:35:31,"10만원 이하
머리둘레 60정도
무선
이거 세개는 필수고


소리가 밖으로 많이 새나가지 않았으면 좋겟어
싸면 쌀수록 좋아"
뱅앨 하고 엘지하고 해서 엘지가 휴대폰 접은거냐?,2021-11-12 09:34:56,"2.5mm단자 저거 써도 되는 거냐?
모양 봐서는 락 거는 단자는 아니어도 끼워서 쓸 수는 있을 것 같은데 한번 츄라이 해봐?"
스테로이드하면 진자 부랄커지냐; [2],2021-11-12 09:34:53,"걍 애플외에는 사람들이
관심없는거입
- dc official App"
한국형 플러그라는데 이거 맞음? [4],2021-11-12 09:31:00,ㅇㅇ
버즈프로 특가 안하나 [1],2021-11-12 09:24:15,EU랑 구분이 안가네 ㅋㅋㅋㅋㅋㅋㅋ
삼성의 하만인수는 사실상 실패한 인수지?? [10],2021-11-12 09:14:52,"저번에 14만+케이스 까지 줬었는데 또 안하남
- dc official App"
소니 WH-1000XM4는 얼마짜리 유선 헤드폰과 동급 음질임? [7],2021-11-12 09:11:08,뭐 딱히 맛폰에 접목을 했다던가 인수후 하만이 성장했다라던가 그런게 없음 
오늘 금요일 [4],2021-11-12 09:09:36,잘 모르니 제대로 된 답변 좀 부탁한다
아이폰 무손실 설명중 개그치네 [3],2021-11-12 09:00:25,개죠아
씹덕임??,2021-11-12 08:57:49,뭐 딱히 맛폰에 접목을 했다던가 인수후 하만이 성장했다라던가 그런게 없음 
이 중에 듀얼덱이랑 쿼드덱 어케 구분함? [1],2021-11-12 08:57:32,뭐 딱히 맛폰에 접목을 했다던가 인수후 하만이 성장했다라던가 그런게 없음 
이헤갤 24년 하고 있지만 요새가 황금갤이라는 말임 [2],2021-11-12 08:55:31,잘 모르니 제대로 된 답변 좀 부탁한다
씹덕임?? [5],2021-11-12 08:52:36,개죠아
보지 [1],2021-11-12 08:49:20,"aac와 무손실 음원의오디오 차이는거의 구별할수없는정도의 차이








애플 공홈에 실렸다 ㅋㅋㅋㅋ 저문구
- dc official App"
빡친다 카드깡해서 슾이천 대량사야겟다,2021-11-12 08:48:20,노르웨이 일뽕 메탈밴드인데
대출 부럽노 [5],2021-11-12 08:48:05,
내가 대출해서 이헤폰산건데 왜ㅈㄹ이냐,2021-11-12 08:46:55,24년전에는 디락 하나뿐이었다 이거야
버즈프로 그렇게 착용감 ㅎㅌㅊ임? [3],2021-11-12 08:45:13,영어니까 씹덕 아니지?
아도라마 얄포는 들어 왔담서 [2],2021-11-12 08:44:47,ㅇㅇ
이번달 갤창 1위는 바쿤유저겠네 [1],2021-11-12 08:44:15,ㅇㅇ
귓구멍이 작아선지 귀가 작아선지 커널형끼면 ㅈㄴ빠지는데 [2],2021-11-12 08:42:19,ㅇㅇ
하이파이프로젝트 할인 [4],2021-11-12 08:40:41,현금화해서 오피에다쓸거다 어떠냐
마라콘서탕?,2021-11-12 08:39:22,보닌 신불자라 대툴몬해서 지금 아무것도 몬산다는 말만함 하하
진짜 병신들 많네,2021-11-12 08:38:20,ㅇㅇ
근데 알리에네들 개인통관번호 안물어보냐?? [3],2021-11-12 08:35:54,"음질 신경 안쓰면 닥 버즈2?
통화음질 좋고 착용감만 좋으면 됨 노캔 같은것도 딱히 노상관"
이헤갤 한줄평 믿으면 안되는 이유 [4],2021-11-12 08:31:19,"웨스톤은 감감무소식?
오아아"
파이널 이어폰 추천 좀. [2],2021-11-12 08:29:24,ㅋ
이어폰이 언제부턴가 꺼내면 항상 오른쪽만 배터리 광탈이네,2021-11-12 08:21:55,오픈형은 작은귀에 어떰?
나만 내목소리 안들리면 발음 ㅈ같아짐? [3],2021-11-12 08:12:03,- dc official App
이 뉴스 봐봐 해외직구에 유용하네,2021-11-12 08:10:19,진자냐..
양식)에어팟쓰는 ㅈ뉴비 컴퓨터 헤드폰 추천좀 [14],2021-11-12 08:07:41,디락으로 종결한지 12년째인데 글쎄 너네들 보니 웃음벨 그자체리는 말만함
btr5 2021은 사용중 충전되는거 고침?,2021-11-12 08:02:31,"저번에 물건한번살때 통관번호 적어서 냈는데
이제는 안물어보네??
- dc official App"
___,2021-11-12 08:00:40,"안들어보고 들어본척함 ㅋㅋㅋㅋㅋㅋㅋㅋㅋㅋㅋㅋㅋ
- dc official App"
닥헤몰 950불 당첨자 입갤,2021-11-12 08:00:33,버플 보내줄때가 됐나? 왜자꾸 이러지 한달에 한두번 쓰는데 꺼낼때마다 이러네
텐치짐 스타게이트 살까?,2021-11-12 07:41:27,"디코할때 노캔켜고 내목소리 안들리게 하면 다들 발음 잘 안들린다하네
그래서 한쪽 빼고 하는중인데 그럼 ㄱㅊ은듯
원래그럼?
- dc official App"
덱과 앰프사이 연결하는 xlr 케이블 뭐라검색해야함??,2021-11-12 07:30:44,버플 보내줄때가 됐나? 왜자꾸 이러지 한달에 한두번 쓰는데 꺼낼때마다 이러네
차에 딱 탔을때 자동으로 켜졌으면 하는 노래 있어? [4],2021-11-12 07:23:05,"디코할때 노캔켜고 내목소리 안들리게 하면 다들 발음 잘 안들린다하네
그래서 한쪽 빼고 하는중인데 그럼 ㄱㅊ은듯
원래그럼?
- dc official App"
유선과 무선의 미래 [3],2021-11-12 07:13:48,"https://www.youtube.com/watch?v=VKty7JLk5fg
알고 있었냐..
- dc official App"
선배들 모멘텀3 착용감 어때? [8],2021-11-12 07:13:41,"1. 용도: 주로 줌회의, 음감, 가끔 게이밍
            근데 음감 주로해서 음질 좋았으면 좋겠어
2. 예산: 30인데 50만원까진 무리해서 ㄱㄴ
3. 장시간 착용자라 오버이어
4. 오픈형이라서 내목소리 내가 들을 수 있으면 좋겠음
5. 희망사항이긴 한데 블루투스 되면 좋겠음 안되면 어쩔 수 없지
- dc official App"
오늘이 제일 춥데 [2],2021-11-12 07:11:33,유선으로 쓸 때 충전이랑 재생 둘다 되서 발열 오지자나
___,2021-11-12 08:00:40,"https://www.youtube.com/watch?v=lIbuymP8tuk
모르지 



중학생이  좋아하는 노래야
- dc official App"
닥헤몰 950불 당첨자 입갤,2021-11-12 08:00:33,가서 보고 와라 ㅈㄴ 신기하네
텐치짐 스타게이트 살까?,2021-11-12 07:41:27,"뉴하나 주문해놨는데

애플꼬다리냐 스타게이트냐 쥰내 고민되네"
덱과 앰프사이 연결하는 xlr 케이블 뭐라검색해야함??,2021-11-12 07:30:44,"1개씩파는거말고
1쌍으로 팔지
- dc official App"
차에 딱 탔을때 자동으로 켜졌으면 하는 노래 있어? [4],2021-11-12 07:23:05," 한명당 두곡씩 써줘
- dc official App"
유선과 무선의 미래 [3],2021-11-12 07:13:48,"선을 빼면 배터리와 코덱을 사용하고
선을 꽂으면 무선의 부품을 사용하지 않게 하는거임
집에선 선꽂아듣고

나갈땐 선빼서 무선으로 쓰는거

궁극적인 방향임


아직은 멀었다"
선배들 모멘텀3 착용감 어때? [8],2021-11-12 07:13:41,"귀 아프면 머리까지 아파져서...
착용감 중 귀 통증이 제일 중요함
붕이 대갈은 평균~약간머두 정도

무게감도 많이 느껴지냐?"
오늘이 제일 춥데 [2],2021-11-12 07:11:33,"라면먹기
좋겠다
- dc official App"
"모멘텀3 24, wh 1000xm4 33 에이오닉 50 36 뭐살까?? [9]",2021-11-12 07:04:39,"인도어&아웃도어 겸용인데, 

모멘텀3,에이오닉50은

컴에 apt x ll동글달려있어서 이걸로 무선으로 어케 비벼볼 수 있을것 같아서 좋을것같고.

모멘텀3는 제일싸고

에이오닉 50은 apt x ll이고 ldac고 다지원해서 범용성 높을것같고. 

xm4는 노캔이랑 ldac있어서 아웃도어에선 젤 나을듯. 

a/s는 어디가 젤 좋냐??

나중에 배터리교체하려면 "
애플 뮤직 고해상도 무손실 들을라면 [9],2021-11-12 06:49:59,"560에 꼬다리 붙이면 됨?
560사고 탈갤 ㄱㄴ?"
알리 대박이네 [10],2021-11-12 06:47:52,"디게 싸다?
- dc official App"
모멘텀3 재질 때잘탐?? [1],2021-11-12 06:41:51,"모멘탐3 화이트사고싶은데.

때잘타는 재질이면 금방 더러워지더라고.

모멘텀3 재질은 어때??"
와우충 아침부터 죽상이노 [10],2021-11-12 06:26:17,ㅋㅋ
안녕 [5],2021-11-12 05:49:35,또 늦어버렷어..
무선 이어폰 추천좀 해주세오 [3],2021-11-12 05:05:23,"1. 커널형
2. 노이즈 캔슬링


두개만 되면 5만원 이하로 최대한 싸게 사고 싶은데여

가성비가 좋은 거 없을까요?

음질은 개병신수준만 아니면 됩니다"
K702 메이주로 풀컨디션 뽑아내기 어렵냐?,2021-11-12 04:58:25,
진짜 알칠공 정신없이 음감했네,2021-11-12 04:27:23,가벼운게 진짜 짱인데 
디렘프로2 좋냐? [5],2021-11-12 04:12:57,"이전거 디렘sl dl이랑 뭐가 다름?

윗급맞음?

아님 걍 꼬다리 껴주는값임?"
아니 삼성 이씹새끼들이? [2],2021-11-12 04:04:13,버즈프로 귀떼기 존나아파서 버즈2샀더니 이건 음질이 왤케 쓰레기냐
운동용 20만원대 추천좀 [4],2021-11-12 03:58:46,"음질 좋은걸로다가 부탁합니다
- dc official App"
...560s 사고 나니 더 이상 올일이 없네... 탈갤인듯 [1],2021-11-12 03:54:20,"600에서 업글인거 같아서 정든 돌솥 떠나보냄

흐드륙 실드치면서 이헤갤에서 참 많이 싸웠는데 지나고나니 다 추억이노

앰생이라 디시는 못 끊고 요즘 코인이랑 주식한다

돈에 미치니까 딴 갤 안 가게 되네

취미에 열정 있을 때가 행복했지

그때를 열심히 즐기길 바래

좌센징 우하베 시절 갤질 참 재밌었는데

이제는 good bye."
t1 2세대 청음가능한 곳 있음??,2021-11-12 03:44:06,"알려죠
- dc official App"
플마 신제품 ㄷㄷ [3],2021-11-12 03:15:16,마우스파이
갑자기 궁금한건데 [1],2021-11-12 03:12:42,헤드폰이나 이어폰 바닥에 떨어트리면 음질 나빠지고 그럼?
알리에서 사는 놈들 진짜 있냐 [2],2021-11-12 03:04:35,헐
알리 직구 질문있음 [2],2021-11-12 03:03:48,"1. 알리 판매자가 다운밸류해서 들여오는거 안걸림?

2. 합산과세 때문에 하루이틀정도 간격두고 시키려는데 이게 맞지?"
ㅋㅋㅋㅋㅋㅋㅋㅋㅋㅋㅋㅋㅋ 6XX 졸좋네 ㅋㅋㅋㅋㅋㅋㅋㅋ,2021-11-12 02:58:47,"야.......

트웰브가 헤륙세를 못울려서 그렇지 ㄹㅇ 울리기 그렇게까지 안빡센 놈들은 미친놈으로 만들어주네

A18+A90이 베일 최대한 벗겨낸채로 좀 쿨하고 선명하게 소리 들려줬으면 트웰브는 걍 소리를 엄청 감성적으로 만드는구만

고음표현이나 전체적으로 선명한 분위기는 A18A90이 트웰브보다 나은데 걍 저역대 울림이랑 저역 표현, 웅장한 공간감은 트웰브가 훨씬 취향이다

A18A90은 그냥 좋은 소리+엄청난 깡출력을 듣기 유리하고

트웰브는 음악 듣기 좋은 소리를 듣기 유리한듯.


신품 기준 가성비는 A18A90이 트웰브 멱살잡고 후두려패는 수준인데 중고기준이면 트웰브도 가성비 괜춘한듯???"
짱깨들이 이미 휩쓸고 지나갔구나..,2021-11-12 02:56:07,"늦어서 미안하다.. 지금 구해주마
- 음악은 계속된다."
(진지) 본인 OTT 정기구독 목록인데 ㅁㅌㅊ? [3],2021-11-12 02:45:37,마우스파이
유니크 멜로디 MEST Indigo 신작 이어폰 [2],2021-11-12 02:40:05,헤드폰이나 이어폰 바닥에 떨어트리면 음질 나빠지고 그럼?
"하이디션 비엔토, 포칼 셀레스티 혹시 믹싱때도 좋은장비인가 [1]",2021-11-12 02:31:27,헐
헤드폰은 터치노이즈 없음? [1],2021-11-12 02:25:23,"1. 알리 판매자가 다운밸류해서 들여오는거 안걸림?

2. 합산과세 때문에 하루이틀정도 간격두고 시키려는데 이게 맞지?"
짤 귀여우면 자러감 [3],2021-11-12 02:24:35,"야.......

트웰브가 헤륙세를 못울려서 그렇지 ㄹㅇ 울리기 그렇게까지 안빡센 놈들은 미친놈으로 만들어주네

A18+A90이 베일 최대한 벗겨낸채로 좀 쿨하고 선명하게 소리 들려줬으면 트웰브는 걍 소리를 엄청 감성적으로 만드는구만

고음표현이나 전체적으로 선명한 분위기는 A18A90이 트웰브보다 나은데 걍 저역대 울림이랑 저역 표현, 웅장한 공간감은 트웰브가 훨씬 취향이다

A18A90은 그냥 좋은 소리+엄청난 깡출력을 듣기 유리하고

트웰브는 음악 듣기 좋은 소리를 듣기 유리한듯.


신품 기준 가성비는 A18A90이 트웰브 멱살잡고 후두려패는 수준인데 중고기준이면 트웰브도 가성비 괜춘한듯???"
쿠로미인가 뭔가 저거 세균맨 짝퉁이냐 [4],2021-11-12 02:21:27,"늦어서 미안하다.. 지금 구해주마
- 음악은 계속된다."
아미론홈이 660s보다 상위임? [14],2021-11-12 02:20:55,"넷플 4인

왓챠 4인

애플tv 플러스

쿠팡플레이

웨이브 

시즌 (요금제) 



티빙이랑 디즈니 플러스 고민중
- dc official App"
짤 귀여우면 자러감 (데이터 주의) [5],2021-11-12 02:19:40,"https://shop.musicteck.com/products/um-mest-indigo?variant=39635689406526

UM MEST Indigo
New Technology Innovation
4 EST+DD+BA+dBC-s Patented Technology
Experience New Transient Reactions and Sensitivity
New Static Is Coming, Extraordinary Ultra-High Frequency
Indigo Fiber Shell
3D Sapphire Pinewood Faceplates
Upgraded UM Copper M3 Cable
Upper-grade OCC Cores
High Fidelity Sound Quality
$ 2,459.00"
모멘텀3 vs QC35 ...뭘 사는게 좋을까용?,2021-11-12 02:19:21,나중에 음악 작업할때도 쓸수있는 장비임? 플랫이라면서
타임리스 샀다 이거야 [6],2021-11-12 02:13:21,
베이어 새모델 국내출시 언제냐 [2],2021-11-12 02:02:04,- dc official App
토핑e50 존나 가성비 덱인듯 [5],2021-11-12 01:59:37,?
난이제 살게 읍어서 알리서 안삼 [2],2021-11-12 01:51:23,"660s에서 아미론홈가면 해상도나 공간감 더 좋나요?
- dc official App"
알리에서 뭐 살거 없다노? [12],2021-11-12 01:37:19,쿠로미가 안 귀여울 수 없을테니 곧바로 자러 가겠음
트니 <-- 요즘 타어표 안만듦? [3],2021-11-12 01:35:12,"장르 안 가리는데 팝 재즈 락 많이 들음

귀가 안 아팠으면 좋겠음

대중교통 포함 주로 야외에서 이용할 예정"
C타입 젠더 추천 좀 해주라 [3],2021-11-12 01:35:06,"660s에서 아미론홈가면 해상도나 공간감 더 좋나요?
- dc official App"
너무 늦었네 ㅠㅠ [1],2021-11-12 01:32:20,쿠로미가 안 귀여울 수 없을테니 곧바로 자러 가겠음
그나마 승자를 고르면,2021-11-12 01:31:58,"장르 안 가리는데 팝 재즈 락 많이 들음

귀가 안 아팠으면 좋겠음

대중교통 포함 주로 야외에서 이용할 예정"
이신렬vs머림머vs디케이 대결후기 [9],2021-11-12 01:28:47,"디렘e3 샀다가 이어폰에 빠짐
이어폰 입문ㄱㄱ
k271 구형 최고"
카토 하나 갖고싶당 [2],2021-11-12 01:21:45,"700x
900x

언제나오려나"
하파프도 쿠폰 뿌리네. [1],2021-11-12 01:19:15,"음질
Smsl m400과 비교해도 안밀리거나
어떤면에선 더 좋기까지 함

더 안좋은게 있어도 귀로는 못 느끼겠다
M400이랑 궁합좋은 앰프에선 m400이 더좋긴한데
거의 큰차이 없는듯?

역시 토핑

확실히 잡스x5보단 좋네


근데 코드보단 안좋긴함
그래도 가격 생각하면 개혜자"
무선 이어폰 10~20사이로 뭐가 괜찮나요 [7],2021-11-12 01:18:20,"이만큼 있는데 또사라고?? ㅋㅋㅋ
- dc official App"
알리에서 뭐 살거 없다노? [12],2021-11-12 01:37:19,"qc 35 2 건질라했는데 불안하네
- dc official App"
트니 <-- 요즘 타어표 안만듦? [3],2021-11-12 01:35:12,"qc 35 2 건질라했는데 불안하네
- dc official App"
C타입 젠더 추천 좀 해주라 [3],2021-11-12 01:35:06,"qc 35 2 건질라했는데 불안하네
- dc official App"
너무 늦었네 ㅠㅠ [1],2021-11-12 01:32:20,비청은 좀 하는데 티어표는 ㅇㄷ감ㅂ
그나마 승자를 고르면,2021-11-12 01:31:58,넘 비싼거 말고
이신렬vs머림머vs디케이 대결후기 [9],2021-11-12 01:28:47,"알리에서 광군절 세일이라 계속 구경했더니 너무 늦었네
자야겠다! 다들 잘자! 내일 아침에 일어나려면 큰일났네 ㅋㅋㅋㅋㅋㅋ"
카토 하나 갖고싶당 [2],2021-11-12 01:21:45,"파이널 e500승

저음이 꽤좋네"
하파프도 쿠폰 뿌리네. [1],2021-11-12 01:19:15,"번들 다른건 귀찮아서 패스


디렘e3,카사는

셋중 제일 해상도 떨어짐

밸런스는 e500하고 같이 가장 좋음
좀더 자세히 말하면 e500보다 중고음에서 고음양감이
더 잘나온다

대신 해상도,디테일,분리도가 제일 후짐

저음은 단단하지않고 퍼지고 양감도 다소 과다해보임

파이널e500은
디렘과 함께 가장 좋은 밸런스임

근데 고음양감이 다소 적어서 어둡고 답답하게 들림
그래도 저음 해상도등이나 저음 밸런스는 디렘보다 낫다

Trn mt1은
예전 cca나 내가 들은 kz보단 안정적인 밸런스이다

생각보단 중고음이 그렇게 쏜다는 인상은 적다

Cca는 진짜 귀아플정도로 쐈고
Blon 03도 쏘는편이었는데

물론 그래도 안정적인 밸런스라 하기엔
하이햇부분이 변조될정도로 쏜다

해상도나 선명도는 제일 나은모습이지만
고음 치잘음이 약간 아쉽다



결론 톤밸 dk e500승
해상도 정위감 공간감등 성능 머림머 trn mt1승

근데 수월우 쿽스가 저둘보다  나은듯
ㅅㄱ"
무선 이어폰 10~20사이로 뭐가 괜찮나요 [7],2021-11-12 01:18:20,무분 받아요 +_+
내일 술 마셔야지 [7],2021-11-12 01:16:00,물론 그래도 알리쿠폰 먹인거보다는 조금 더 비쌈.
"1000xm4가 팟프로보다 노캔,음질은 훨씬 더 좋다함 [6]",2021-11-12 01:13:51,"일단 마음에 있는걸로는

갤럭시 버즈2 (프로 사고싶은데 외이도 걱정돼요)
젠하이저 cx plus tw
앤커 사운드코어 리버티 프로3
미포 o10c (이건 쿠팡에서 90000원인데 디자인 맘에듬)
자브라 엘리트 85t

저중에 사람구실하는거 있나여?"
근데 알리에서 x16 사면 전기코드 규격 맞춰서 줌?? [3],2021-11-12 01:13:34,"취해서 술주정 부릴꺼야
누구한테 부릴진 몰름
- dc official App"
제발 지구 내일 멸망해주세요 [10],2021-11-12 01:11:50,"근데 착용감이랑 편의성이 똥이래 개똥ㅇㅇ

착용감은 뭐 사람따라 다를수도 있는데
편의성 진짜 소니 헤드폰 앱 개병신같긴함"
이거 어때보임? [15],2021-11-12 01:11:31,"중국이랑 한국이랑 콘센트 규격 다른걸로 아는데
미리 한국 유럽 규격으로 달라해야 줌??
아니면 구매자 국적이 한국으로 되있느면 알아서 맞춰줌??
- dc official App"
본인 사람 중에서 마음에 드는 사람 [12],2021-11-12 01:07:00,"이유는 업는데 제발 그래주세요
- dc official App"
등갈비 김치찜 만듬 [4],2021-11-12 01:06:24,"생긴건 이쁜데

가격이 좀 있네

좆나큰 꼬다리 아님?




- dc official App"
엠넷선정 역대 최고의 곡,2021-11-12 01:00:12,"박초롱이랑 결혼하고 싶음







초롱이도 메이저4 좋아하겠지 ? ?"
오미친,2021-11-12 00:58:50,"ㄹㅇ 맛 개오짐 아 소주 한잔 때려야지
- dc official App"
짭도 짭나름임,2021-11-12 00:58:39,https://www.youtube.com/watch?v=ZJwo4lw4TUI
예쁘지 않음 ? ? [7],2021-11-12 00:56:05,"트웰브 DAC 아웃출력 고정 모드인지 모르고 액티브 스피커 연결했다가 소리 젼나 크게 울림 ㅋㅋㅋㅋㅋㅋ

동네 사람들 다 깨워버린거같다ㅠㅠㅠ"
하파맨 장강파이맨이라길레 중국브랜드인줄 [1],2021-11-12 00:55:01,"mutex r10 ,,,내가 살땐 3500위안 이었는데 중국내에서 완전 미친 소리라는 평이 많아서 프리미엄 붙음 한정으로 100개 만든 한정짭이라 ㅋㅋㅋㅋㅋ
- dc official App"
846 블랙 좀 사주?실분??,2021-11-12 00:54:41,"딱 본인이 좋아하는 스타일이얌 ㅎㅎㅎ





아, 1Am2 마렵다"
옛날 씹덕 노래는 구하기도 힘드네 [2],2021-11-12 00:48:25,근대 미국이래
A281 + 륙세 조합이 ㄹㅇ 가성비 지리긴해 [15],2021-11-12 00:46:58,무나?받아요
본인만 그로냐 [14],2021-11-12 00:41:52,"그나마 킹본놈들

시디 소장병이 있어서 그런가

ape 파일 올려줄때 있어서 다행


- dc official App"
요즘 굉장히 잘 쓰고 있는 음향기기 [1],2021-11-12 00:41:28,진짜 백얼마투자해서 들을수있는소리중엔 가히..
er600말고 짭이 좋은적이 없었다,2021-11-12 00:40:36,"리시버 정리해서 넣고 나면

듣고 싶어져서 꺼내는데,

막상 꺼내도 많이 안 듣길래

다시 정리해서 넣음

근데 그럼 또 다시 듣고 싶어져

이게 무한 반복임

야발 ! !"
취미가 얕고 다양하면 좋은게 [4],2021-11-12 00:36:37,"꼭 얘 아니여도
무선 노캔 헤드폰 하나 사두면

뒹굴뒹굴할때도 겜할때도 출퇴근할때도 카페에서도

음악을 즐기기에 좋더라고

대충 보스 소니 젠하 브랜드 중 맘에 드는거 고르면 되지 않겠냐 ㅋㅋ

적응되니 가방 안가지고 다닐 때만 무선이어폰 쓰게 됨

그럼 난 간다 뿅
- dc official App"
좋은밤 돼라 갤럼들아 [13],2021-11-12 00:36:07,슈어 1840은 원본도 문제가 있는거라서...
헤드폰 살라하는데 부가적으로 뭐 사야될거잇음?? [4],2021-11-12 00:34:39,"지금 대충 생각나는거만
영화, 낚시, 등산, 캠핑, 싸이클, 트랙킹, 러닝,
사진, 칼, 요리, 맥주, 게임, 세차, 시계 등등...
대부분 딱 입문선에서 즐김
하지만 입문시 음청 알아보고 꼼꼼히 따져서 사서
장비는 입문선이고 지식은 중상급자급ㅋ
취미주제와 잡지식이 다양하니 사람과 대화시
어색한 그런게 잘 없고 특히 세차 같은건
가성비템 들고가서 가르쳐 가며 세차후
유막제거하고 유리류 발수코팅 하고
휠타이어 광택하고 본격 발수광택제로 버핑법
전수해 주면 40대 아재들도 바로 센세대접ㅋㅋㅋ
성격상 친구도 없고 깊은 인간관계는 없어도
사회생활에 딱히 지장이 없고
오히려 도움을 많이 받음"
버즈2 사고 음질이상해서 찾아보니까 프로살걸.. [1],2021-11-12 00:34:17,"https://youtu.be/MB-0nm2_uok



좋은밤"
액정 x 소리 븅신같다..,2021-11-12 00:33:43,컴퓨터로 들을건데 사운드카드 이런거 필요?? 필요하면 추천좀 가성비 좋은거로다가
멍둥어 야발 ㅇㅇ [2],2021-11-12 00:31:23,"ㅠㅠ
외이도염 걱정되긴하는데 음질 버즈가 훨씬좋네.."
헤륙세 맘에 안드는점 [7],2021-11-12 00:31:12,ㄹㅇ ㅂㅅ;;
폰내려놓고 잠이나 자라 [1],2021-11-12 00:29:54,ㅇㅇ
착용감이랑 소리 안맞으면 바로 팔아버려야함,2021-11-12 00:28:01,유튜브에서 지브리ost 모음 듣는데 개구린 음질 그대로 들려줘서 정병올거같음
짭스랑 헤륙세의 차이 [10],2021-11-12 00:27:21,"이헤갤하는거보다 오조오억배 좋은 선택이 될태니
- dc official App"
이헤갤 노잼이라 10분도 못보겠다 [3],2021-11-12 00:26:30,스프링1귀속템됨...
차이파이는 착용감이랑 소리 맞으면 한참뒤에 바꾸는거긴해,2021-11-12 00:26:15,"ㅠㅠ
외이도염 걱정되긴하는데 음질 버즈가 훨씬좋네.."
역시 편의성이 최고다 [8],2021-11-12 00:26:10,ㄹㅇ ㅂㅅ;;
https://cafe.naver.com/drhp/1625943 [13],2021-11-12 00:24:31,ㅇㅇ
알리직구 인증,2021-11-12 00:24:17,유튜브에서 지브리ost 모음 듣는데 개구린 음질 그대로 들려줘서 정병올거같음
짱깨 이어폰 사면 안되는 이유 [15],2021-11-12 00:24:01,"이헤갤하는거보다 오조오억배 좋은 선택이 될태니
- dc official App"
알리직구한거 자랑하거나 인증하지마라ㅋㅋ [2],2021-11-12 00:23:18,스프링1귀속템됨...
안아줘ㅋㅋ,2021-11-12 00:22:28,"이헤갤하는거보다 오조오억배 좋은 선택이 될태니
- dc official App"
이거 살만하냐 [10],2021-11-12 00:21:55,스프링1귀속템됨...
Hiby FD3 써본 사람 있어? [4],2021-11-12 00:20:12,"짭스는 걍 저질음원을 들어도 소리가 엄청 맛깔나게 변해서 재밌게 들을 수 있음. 대신 고음질음원을 들어도 소리가 좀 과하게 양념쳐진 소리라 재미는 있어도 고급스러움이 약간 떨어짐.

짭스는 엄청 맛있는 양념으로 만들었는데 닭 품질이 썩 안좋은 느낌의 치킨 느낌




헤륙세는 저질음원 못들음. 음원에서 뻑간 부분들까지도 아주 싹 싹 긁어서 들려주니 저질음원 들으면 미칠거가틈.

근데 고음질음원(걍 128k 이상 정도면 됨, 고음질이라기보다는 정상품질 이상급의 음원)은 진짜 의도된 소리만을 엄청 명확하고 제대로 들려주는 느낌이라 감성있는 소리는 아닌데 묘하게 그냥 음원에 집중하게되는 느낌. 근데 또 너무 심심하지도 않게 군데군데 음이 힘있게 나와서 듣는 재미도 있음.

헤륙세는 좋은 재료를 가지고 존나 잘튀겨서 소금만 찍어먹어도 맛있는 후라이드 치킨의 느낌.



여전히 내 취향은 짭스바라기는 한데 진자 헤륙세가 소리 퀄 하나만큼은 ㅇㅈ이다"
키스씬ㅋㅋ,2021-11-12 00:20:03,"모모톡이나 하러간다
- dc official App"
걍 ㅂㅅ들아 [4],2021-11-12 00:19:06,그전까진 좋다 개선됐다 하는거 다 넘기는거임
개인이 여러장르 이어폰을 객관적으로 평가하는 게 가능함? [2],2021-11-12 00:19:02,"오랜만에 N5005로 노래 들을려고 이틀전부터 꺼내놨는데

거진 30분도 못듣고선 다시 정리해서 넣어뒀고


그러면 순다라로 들어볼까 했는데

착용은 커녕 스피커로 홀로라이브 봤음


그러다가 슬슬 졸려서

누워서 노래 듣다가 자야겠다 했는데

마샬 메이저4 보다 편한 리시버가 없다


마샬 메이저4 는 진짜 전설이고 레전드라는 걸 전함,,,,,,"
https://cafe.naver.com/drhp/1625943 [13],2021-11-12 00:24:31,"u18t급
- dc official App"
알리직구 인증,2021-11-12 00:24:17,은 꿀매였습니당
짱깨 이어폰 사면 안되는 이유 [15],2021-11-12 00:24:01,신제품 나옴>신제품뽕 맞은 애들이 음질 역대급이라고 호들갑 떨어댐>한 달쯤 지나면 막상 그냥 그런 수준으로 밝혀지고 장터에 존나 나옴>몇달 안에 같은 브랜드에서 또 신제품 나옴>중고가 운지해서 팔지도 못함
알리직구한거 자랑하거나 인증하지마라ㅋㅋ [2],2021-11-12 00:23:18,"셀러가 언더밸류쳐준 새끼들은
글싸지말고 조용히써라

뒤진다ㅋㅋㅋㅋㅋ"
안아줘ㅋㅋ,2021-11-12 00:22:28,"https://www.youtube.com/watch?v=K3Qzzggn--s
- dc official App"
이거 살만하냐 [10],2021-11-12 00:21:55,- dc official App
Hiby FD3 써본 사람 있어? [4],2021-11-12 00:20:12,- dc official App
키스씬ㅋㅋ,2021-11-12 00:20:03,궁금하네 요놈도...
걍 ㅂㅅ들아 [4],2021-11-12 00:19:06,"https://www.youtube.com/watch?v=sADmwWhU5ZM
- dc official App"
개인이 여러장르 이어폰을 객관적으로 평가하는 게 가능함? [2],2021-11-12 00:19:02,"소리는 진동이고 단순히 귀로듣는 감각이 아니라

온몸으로 느끼는거다

유노왓암쌩?
- dc official App"
까나리 GS-6이 이거 맞음? [5],2021-11-12 00:18:06,"https://www.youtube.com/watch?v=sADmwWhU5ZM
- dc official App"
IE300 짭 출시 ㅋㅋㅋ [10],2021-11-12 00:17:52,"소리는 진동이고 단순히 귀로듣는 감각이 아니라

온몸으로 느끼는거다

유노왓암쌩?
- dc official App"
시무룩ㅋㅋ,2021-11-12 00:16:29,"솔직히 음감은 취향이 90프로 이상 먹는다 보는데

나같은 경우는 몇백짜리 커스텀 이어폰 들어봐도 음 싶고

se846이엇나 그거 가격만큼은 아니지만 할만큼 한다길래 들어보고

진심 옛날 yepp mp3 번들 이어폰 듣는 느낌이엇음

그런 나는 누구냐? 당연히 고음타겟 좋아하는 씹덕임

이정도로 성향에 따라 느끼는 차이가 극도로 갈리는데

아무리 전문가라지만 개인이 자기 취향색 싹 빼고 객관적 리뷰가 가능할까"
알리 구경하다가 무지성 당첨 [6],2021-11-12 00:15:13,"얘만 해도 꽤 무겁겠네 ㅋㅋㅋㅋ
아 ㅋㅋㅋㅋ 걍 루나샵 케이블 사버려?"
솔직히 Rs10은 RSV S8 선에서 컷난다 [4],2021-11-12 00:14:39,구별 어케함
알리 세일 아직하냐? [2],2021-11-12 00:13:54,- dc official App
다음달엔 이거 사봐야지 [8],2021-11-12 00:13:13,"코인 1000개 무지성 받았는데
이거 어따씀"
맨정신ㅋㅋ,2021-11-12 00:12:47,"암튼 컷난다

사지마 스파이패밀리 전용 이어폰이야"
야 씨바 RS10 개족구리니깐 절대아무도쓰지마 [7],2021-11-12 00:12:01,"케이블 몇개사고싶은데

아이디 찾기도 귀찮노"
아시발 RS10좆구린데 [3],2021-11-12 00:11:16,폐기물 되어버린 디락플러스를 넣으면  목탁음부 완성 가능한거 아님?
아이폰은 국내에선 굳이살 이유가 없더라 [4],2021-11-12 00:10:59,"https://www.youtube.com/watch?v=jPan651rVMs
- dc official App"
레이스 이어폰좀 그만올려라 시발 [4],2021-11-12 00:09:20,이건 나만쓸거야
누가 지금 타임리스 결재하냐 [10],2021-11-12 00:09:03,"ㅈㅅ
- dc official App"
"HD800과 HDVD800, CH800S세트에서 만족하면 다행인거냐 [19]",2021-11-12 00:08:34,디씨 음감 카톡만 해서 그런듯
음.. 역시 카나레 이 색깔은 좀 아님... [15],2021-11-12 00:07:04,"사고싶잖냐..
- dc official App"
토핑 d50s에서 x16으로 업글할건데,2021-11-12 00:06:52,"더 까줄까 ㄷㄷ

아 조ㅉ구리네 좆구리쓰~~~~






- dc official App"
눈웃음적 기싸움ㅋㅋ,2021-11-12 00:06:37,"HD800s랑 HD820? 들어봤는데 

그냥 HD800에 전용엠프, CH800S 케이블 쓴게 

더 정위감? 공간감?이 좋은거 같은데 

주로 클래식 대편성 들음 

DAC는 X-SABRE PRO MQA

주로 타이달로 음원 듣고 


이 환경에서 만약 업그레이드를 한다면 뭘 해야할까 ? 예산 200정도 


1. 헤드폰 바꾼다 

2. 엠프 바꾼다 

3. DAC를 바꾼다 

 4. 그냥 쓴다 "
블루투스 이어폰 vs 해드폰,2021-11-12 00:06:10,으...
"뚜방뚜방 음부 촉촉,, [15]",2021-11-12 00:05:56,"체감됨??
풀벨런스 연결할거
- dc official App"
젠하이저 헤드폰 비교한 후기라도 없음? [1],2021-11-12 00:05:43,- dc official App
애플은 이상하게 좋은거 만들고 지발로 차버림 [1],2021-11-12 00:05:42,"체감됨??
풀벨런스 연결할거
- dc official App"
요즘 샤워 끝나고 [1],2021-11-12 00:05:23,- dc official App
집에 스피커없이 헤드폰만 쓰는 애들은 순다라 사라 [2],2021-11-12 00:04:25,"뭐가 낫냐
- dc official App"
감넘약감상필 [3],2021-11-12 00:03:51,"https://www.youtube.com/watch?v=GOBVfoJqoqs
https://www.youtube.com/watch?v=hloo6mDnjzo"
잉 알리에서 수월우 못사는거냐 [4],2021-11-12 00:03:12,569 579 599 560 600 650 660 58x 6xx 정말 많던데 각각 어떤 음악에 맞는지 정리한거 없음?
눈풀린휴식은 낫배드ㅋㅋ,2021-11-12 00:02:51,569 579 599 560 600 650 660 58x 6xx 정말 많던데 각각 어떤 음악에 맞는지 정리한거 없음?
Usb c 연장 케이블 쓰면 음질 손실 잇나요?,2021-11-12 00:02:44,"아이폰 첨 나왔을때 3.5이어폰잭 이걸 버림...
아이폰 지문인식 이거도 버림...
또 뭐 있었는데 까먹음"
내가 베이어 이거에 넘어가 버렸어 [3],2021-11-12 00:00:50,"매일 내 팬티 냄새 맡아보는데

습관들림"
지금 보는 영화 [10],2021-11-12 00:00:40,스피커 기능도 달려 있다 
예전에 코스맨 갤럼 재밌었는데 [10],2021-11-12 00:00:27,야자염소를 얻기위해 새 앰프를 포기한다
wh 보다는 wf 아니냐 솔직히 [1],2021-11-12 00:00:12,그런거냥
모해ㅋㅋ,2021-11-11 23:59:50,"https://www.youtube.com/watch?v=tG7wLK4aAOE
- dc official App"
내일 케이블가이 전화해서 카나레로 R70x케이블 문의해보고 [2],2021-11-11 23:59:43,3.5선은 메인보드 직빵이 아니라 케이스에 꼽으면 소리 안좋아졋는데 usb c는 디지털이라 크게 상관없죠?
dt700prox 하나면 일반 가정집 음감 종결 가능할듯 [4],2021-11-11 23:58:57,"디자인 진짜 깔끔하고 예쁜데




상판 디자인 진짜 미침
전원 넣는 순간 뽕이 차오른다 ㄹㅇ"
e44에서 단점들 종합해도 소소하더라 [4],2021-11-11 23:57:32,"불가사리

재밋다"
술주정ㅋㅋ,2021-11-11 23:56:39,"못 본지 꽤 오래됐네,,,,






암드챌린지때 진짜 재밌었는데,,,,,"
쿠팡 x16 가격 왤케 싸?? [3],2021-11-11 23:56:24,"wh는 페이스 오프고 wf는 완전 리뉴얼된 업그레이드고

무엇보다 노캔 헤드폰 사서 써보니 그냥 가지고다니기 귀찮음"
알리에서 이건 꼭 사야함 [9],2021-11-11 23:55:12,"https://www.youtube.com/watch?v=_NLj5nY6Y-k
- dc official App"
득삼플 살려했는데 할인하는법 도저히 모르겠다,2021-11-11 23:54:08,"된다고 그러면 피복 안 벗긴 검정색 선으로 작업 되냐고 물어바야겠음.
솔직히 헤드폰 케이블에 쥐색 케이블은 선넘었자늠 ㄷㄷㄷㄷ"
k702 패드 둘중에 뭐가 더 좋을꺼같음??,2021-11-11 23:53:53,진짜임
