﻿title,date,content
sr60같은 음색 가진거 없냐 [2],2021-11-09 02:02:09,"어릴때 그라도sr60 쓰다가 고장나서 버렷는데
이거랑 음색 비슷한거 업냐
- dc official App"
소니 wf-1000xm4 충전케이스만 따로팜?? [3],2021-11-09 01:57:06,"아 엄마가 세탁기 돌리고 건조기까지 돌렸넼ㅋ
- dc official App"
오늘 하루종일 메제엘리트들은 소감 [9],2021-11-09 01:51:07,"집에와서 SR1A 들어보니 이게 음악이지 싶음....


애초에 음악성 원툴에 해상도좀 올라간다고 서스바라/SR1A에 비빌수가 없다 

분명 EQ없이 들을수 있는 몇안되는 좋은 헤드폰인데.... 오리지날 가지고있거나 싸게 구할수 있으면 굳이 안사도 될듯"
헤드폰은 잠깐 들어도 음질 다 기억하는데 [6],2021-11-09 01:50:26,"이어폰은 들었던것도 기억이 안나
종류가 넘 많고 고만고만해서 그런가ㅜ"
사정 조절당하는 느낌임 [2],2021-11-09 01:47:42,"간만에 큰 맘 먹고 꽤 비싼 이어폰 하나 질렀는데

물량 없어서 오래걸리면 2주까지 걸린다캄

하루라도 빨리 듣고 싶었는데"
수구가 떽성능 좋은가보네 [2],2021-11-09 01:42:56,
nan6은 머냐 [2],2021-11-09 01:40:00,좋냐
3.5 to 6.3 접불 머지 [1],2021-11-09 01:37:01,열받네;;
이헤갤 떠난다 [3],2021-11-09 01:34:53,클레어로 만족하고 자기계발하러간다
퍼오디오 m4 사면 후회하겠지? [7],2021-11-09 01:33:46,"사놓고 음 좋네 하다가 한시간 연속으로 듣다 귀 좀 아프기 시작해서
다음에는 10분만에 귀아파서 나중엔 고음 쏜다고 피하다 한달에 한번 소리 궁금해서 들어보는 정도만 되겠지?"
이어팟이 오픈형 이어폰 종결이라는 사람들은,2021-11-09 01:32:27,종결이라는 단어 뜻을 모르는거임? ㅋㅋ
아직까지 잠못들었음 [4],2021-11-09 01:30:57,미쳤다
애플뮤직 이게 무손실이야? [15],2021-11-09 01:27:45,"하루종일 애플뮤직 잡고 삽질했네


3달 무료라길래 눌렀는데 980엔 나갔음 

980엔에 3개월치 이용시켜 준다는 건가? 시발련들이 진짜"
nan6 엄청 궁금하네 [6],2021-11-09 01:26:44,"크리나클 그래프도 나왔고 판매자도 중역고역은 서스닮고 저역은 헤륙 닮았다고 말하는데 겁나 궁금하다.
그나저나 오디지 스타일 헤드밴드 이제 구할데 생겼네 헤륙세 유저들 저 헤드밴드 쓰면될듯 ㅇㅅㅇ
이어폰 살돈으로 저거 사보고 헤륙세하고 비교후 남은거 중고판매할까 한개만 갖고있자는 마인드여서.."
서스마렵다 마려워 [2],2021-11-09 01:24:32,넘모 갖고싶다
아니 이어팟 음질 개사기란 글 주기적으로 올라오는데 [1],2021-11-09 01:21:26,ㅇㄱㄹㅇ
ak t1p 좋아보이네 [5],2021-11-09 01:20:24,"저임피에 오픈형에 베이어 소리 ㄷ 
보증도 5년 해주려나?"
자라이냔드라 [4],2021-11-09 01:17:37,"잘자 얘드라

- dc official App"
난 젠하박스가 큼지먹하니 맘에들더라 [16],2021-11-09 01:16:52,든든캄 ㅇㅇ
알리에서 뭐사야되지 [2],2021-11-09 01:16:43,95달러 쿠폰 받아버렸눈데
미국의 금리 인상 이후 북한의 핵 미사일 발사 이후 북한의 핵 미사일 발,2021-11-09 01:16:12,ㄴㄷㄴㅊㅂㆍㄴㅂㅇㄱ늑ㄷㄱㅇㄱㅅㄱ
던질까 말까 던질까 말까 던질까 말까 던질까 말까 던질까 말까 던질까 말,2021-11-09 01:15:15,ㄴㄷㅂㅅㅂㄴㅂㄴㅂㅅㄱㆍㄱㅅㄱㅇㅂ긴ㅆ
오픈하트게이 존나 친절하노 [18],2021-11-09 01:14:50,"이 시간에도 답변을 해주네 ㄷㄷㄷㄷ
이헤갤 눈팅했나봄 ㄷㄷㄷㄷ"
이중에 뭐 키는게 좋음? [4],2021-11-09 01:14:34,맨밑에거 빼면 뭐가뭔지 모르겠
악수를 하고 있어요 저도 예전엔 갖고있는 책을 보고 싶다 내 마음을 먼저,2021-11-09 01:14:26,ㄴㅈㄱㅈㄱㆍㄱㅇㄱㅅㅍㅁㄱ니
하지만 기본 세팅 완료 전 미국 방송 중 특히 제가 제일 잘 사용하고 있,2021-11-09 01:13:56,ㅗㄱㅅㄱㆍㄱㄴㄱㅇ새닏ㄴㅅㅇㅂ
진짜 너무 심해서 너무 심해서 밖에서도 못 만든 것 같은 걸 왜 또 이렇,2021-11-09 01:12:23,긎ㄱㅅㆍㄱㅇㅅㄱㅂㄱ
에어팟3는 유일한 무선 종결가능 기기임 [6],2021-11-09 01:11:46,"음색 중립적이고 착용감 최고에 고음 저음 어디 빠지지 않음

재생시간도 넉넉하고 끊임없는 애플의 음질 업그레이드는 덤

노캔만 제외하면 약점이 없음"
병신 같은 느낌 입니다 안녕하세요 여러분 오늘 벤치 고중량 치면 정말 좋,2021-11-09 01:11:34,ㄴㅈㅂㄴㆍㅋㅅㅇㄱ
양고기 엄청 많이 엄청나게 많은 양이 많아서 정말 잘 어울리는 예쁜 우리,2021-11-09 01:10:30,ㆍㄷㄱㅈㄴㄱㄴㄱㅇㄱㄴㅂㄴㅅㅂㅁ
i2s단이 usb에 비해 유리한 점이 뭐임? [2],2021-11-09 01:10:22,
이럴수가 머했는데 시간이 이래댓냐 [2],2021-11-09 01:10:17,4시간반자고 일어나야한다캄
여긴 ㅇㄷ시티,2021-11-09 01:10:09,"개추
- dc official App"
자신을 바라보는 시선은 어떻게 이렇게 많이 많이 엄청나게 많이 많이 많이,2021-11-09 01:06:54,ㄴㄷㄱㅅㄴㅂㄴㅂㅁㅂㅇㅂㅎㅂ
부랄에 대한 열정 가득한 공간 그리고 심지어 다른 사람이 저를 너무 많이,2021-11-09 01:06:26,ㄴㄷㄴㅈㅂㅇㅅㅂㄴㄱ민ㅂㄴㅂ
코끼리 거북이 고라니 고양이 하늘소 라이거 야도란 피카츄 꼬북이 앙 항,2021-11-09 01:06:04,ㆍㄷㆍㅈㅅㅂㄴㅂㅇㄱㅁㅂ
도배하지마라 라고 하니 도배 멈춤,2021-11-09 01:05:48,ㄷㄷ
생각난김에 뜯어보는중 [9],2021-11-09 01:05:44,"젠캔


어디가 문제지"
빵상 빵상 빵상 빵 만드는 방법 밀가루 박력분 그리고 신형 카메라 렌즈,2021-11-09 01:04:54,ㆍㄷㄴㅈㅅㄱㄴㅂㅅㅇㄱㅇㅂ
솔직히 이명박근혜 전 대통령 시절 청와대 앞에서 만난 김 전 청와대 대변,2021-11-09 01:03:57,ㄴㅈㄴㅈㄷㄴㄷㅂㄷㅅㄴㆍㅇㅎㅂㄱ
도배하지마라,2021-11-09 01:03:41,하지 말라고 하면 더 할거지?
늑대콘 바보,2021-11-09 01:03:24,ㅇㅇ
식사는 하셨는지요 그리고 신형 카메라 렌즈 장착 시 조금 큰 오븐이나 충,2021-11-09 01:02:58,ㅗㄱㄷㅅㅂㆍㅂㅁㅂㅇㅂㅇㅂ
쉬지않고 그냥 둘이 같이 저음이 너 너무 오래 두고 보면 너무 오래 두고,2021-11-09 01:02:36,ㄴㄷㄱㅅㄴㅂㄴㅅㄱㅇㄱㅅㄴㅍ
헉 헉 헉 헉 헉 헉 저 미국 방송 진짜 별로 볼 때마다 이렇게 풍성함과,2021-11-09 01:02:23,ㆍㄷㄱㅈㄷ븍ㄴ잇ㄱㄴㅂㄴㆍㅂ
쯔위 예쁜 여자 입니다 고맙습니다 지지합니다 그리고 신형 카메라 렌즈 입,2021-11-09 01:01:41,ㄷㄴㅈㄱㄴㄱㅅㄱㅇㄱㅇㅅ
ie900 100만쯤이였음 샀을텐데 ㅋㅋ;;?,2021-11-09 01:01:30,180은 좀 선넘지
이어팟이 10~20만원대 이어폰보다 좋다고 주장하는 사람들은 [4],2021-11-09 01:01:11,"솔직히 1.3만원 투자하고 너무 욕심쟁이 심보인거지 ㅋㅋㅋ

그냥 그 가격대에서 잘만든 오픈형 이어폰 그 이상 그 이하도 아닌데 "
광고 처음 보는 것이기 때문에 글쎄요 그래서 현재는 프랑스 사람들이 모여,2021-11-09 01:00:58,ㆍ툕ㄴㅅ
kt통피 도배는 잠도 없노,2021-11-09 01:00:58,ㅋㅋ
문재인 문재인 문재인 대표 거품 터지는 것 같아요 그래도 제가 너무 좋아,2021-11-09 01:00:37,ㄴㄷㄴㅊㄴㅈㄱㆍㅂㅅㄱㅇㅂ
포르쉐 입니다 안녕하세요 이헤갤 여러분 안녕하세요 이헤갤 여러분 안녕하세,2021-11-09 01:00:22,는ㅌㄹㅂㄷㅂㅅㅂㅅ
로마 제국의 역사를 잊은 것 같아요 그래도 국짐은 그냥 둘이 같이 저음이,2021-11-09 00:59:57,ㆍㄷㄱㅊ늣ㆍㄴㅇㅅㅇ
디지털 카메라 관련 정보를 많이 다르죠 그리고 신형 아반떼 역시 수준이,2021-11-09 00:59:39,븝ㄷㅈㅂㄴㄱ싱ㅅㄱ
중국 일본 중국 일본 중국 일본 중국 일본 중국 일본 중국 일본 중국 일,2021-11-09 00:59:22,ㆍㄷㄴㄷ느늦ㅂㅅㅂㄷㅍ
아아 저 교수도 이렇게 풍성함과 동시에 우리 엄마 아빠 엄마 아빠 엄마,2021-11-09 00:59:05,ㅇ긐ㄷㄱㅇㄱㅅㅂㅅㅂ
최근 가장 많은 사람이 있다 하지만 젊 난 내가 얼마나 비슷하게 하고 쿨,2021-11-09 00:58:47,브87848707876
"오픈형 pk1, es-p1, 샤콘느 써봤는데 이어팟과 비교하면",2021-11-09 00:58:27,"종합점수 이어팟 승이라고만 말함

오픈형 명기 오르바나도 이어팟보다 못하다는 평 듣고 사지 않음

그래도 오픈형 끝판왕이라는 뱅앤 a8는 한번 들어보고 싶음"
주로 지 인생이 참 대단해 하고 있습니다 정말 많은 사람들이 바로 제 블,2021-11-09 00:58:26,ㅂㄷㅂㅅㄴㅂㅅ잉ㄱ
바이럴 알바들은 왜 그렇게 많이 했는지 모르겠다 내가 왜 그렇게 많이 했,2021-11-09 00:58:16,ㆍㄷㄴㅊ븐ㅂㅅㄱㅇㄱ
소금 후추 살짝 나았구요 그래서 중졸 양이 많아서 그런지 몰라도 난 진짜,2021-11-09 00:58:03,ㄴㄷㄱㅈㄱㅂㄴㅇㄱㅇㄱ
흐드팔엔 바쿤 [6],2021-11-09 00:57:59,
숙식 제공 및 모든 것을 보면 너무 오래 힘들어 하는 것이 좋다 라는 말,2021-11-09 00:57:47,ㆍㄷㄴㅊ븐ㅂㅅㄱㅇㄱ
와인 한잔 마시고 난 그냥 둘이 같이 저음이 너 혼자 보냅니다 근데 ᆢ,2021-11-09 00:57:30,ㄴㄷㄱㅈㄱㅂㄴㅇㄱㅇㄱ
그래서 중졸 많은 분들이 오셔서 함께 하는 것 같아요 제가 직접 만든 제,2021-11-09 00:57:17,
이어팟 하나랑 버즈프로 케이스 삼,2021-11-09 00:56:55,는ㄷㅈㅅㄷㅂㆍㄴㅅ
지금 일주일동안 HD600살까 고민중인데 질문받는다 [8],2021-11-09 00:53:58,ㄴㄷㄱㄷㅈㄱㅈㄴㅂㄹㅋ
에어프라이어로 통닭 조리 되냐? [6],2021-11-09 00:53:48,ㄴㄷㄱㅈㅅㅂㄴㅂㅇㅂㅇㅂ
베이어는 이 짤이 더 이쁘긴 한데..,2021-11-09 00:53:28,"버즈프로 클리어케이스 누렁이 된김에

로켓배송 비용 맞추려고 걍 아무거나 하나 샀음




기대되노"
나왜자꾸음란물사유차단뜨냐 [5],2021-11-09 00:52:43,모니터 사기 vs HD600사기
살 건 많은데 돈이 없엉 [13],2021-11-09 00:52:26,"된다면 앞으로 치킨 안 사고 닭 사와서 에어프라이어에 굽는다. 삼겹살은 진짜 맛있게 잘 되는데 통닭은 어떨지 궁금하네
- dc official App"
턱에 털 한가닥 있는데 어떻게 해야하냐 [1],2021-11-09 00:52:12,둘 중에 택하라면 다 아래 고를 것 같아서..
13000원 이어팟 이거맞냐 [3],2021-11-09 00:50:27,또어떤통피냐
플래그십 앰프 헤드폰 조합 [6],2021-11-09 00:50:14,"젠캔 뽐도 왔고
클리어 케이블도 사구
알리 장난감 짭공관도 사보고
가을이니 코트도 사야하고
목티랑 니트도 사고
다음학기 등록금도 저축하고
대면하니 저녁술값도 마니 나가네"
진짜 노인의힘이 돼 버렸으야,2021-11-09 00:49:48,손으로 뽑을까
졸려 자장가 불러줭,2021-11-09 00:49:33,ㅇ
이어팟 저음 원래 일케 기분좋냐? [1],2021-11-09 00:48:34,깔맞춤 너무 좋아 
이어팟이 좋은건 맞는데,2021-11-09 00:48:31,찢재명은 또 2030남자 표 잡겠다고 빈말 찍찍하던데 진짜 빡친다고 찢재명 찍는 건 아닌가 모름 ㅋㅋㅋ 
ミツキヨ 얘네 노래 좋더라 [4],2021-11-09 00:47:07,ㅠㅠ
돈낭비 오졌고 [16],2021-11-09 00:46:08,왤케 부드럽지
돈없으면 qc35 사는게 맞겠지? [3],2021-11-09 00:45:05,"너무 올려치진 말자구

솔직히 5만원대만 가도 이어팟보다 확연하게 성능 좋은 이어폰들 널렸어 "
"QC35, QC45 , Aonic50, XM4....분석 [24]",2021-11-09 00:42:48,"https://www.youtube.com/watch?v=3U9Pxlt9NBQ
애니송 같은 것도 있긴 한데
잔잔하게 까는 ost풍 노래 잘만듦
- dc official App"
qc45 한국언제발매누 [4],2021-11-09 00:42:46,아니야 오히려 젠캔정도로 끝난게 싸게먹힌걸수도
이어팟 하나 더살까...,2021-11-09 00:41:42,"qc45 너무사고싶지만...
돈이 읎엉
- dc official App"
형님들 fps+디코충인데 10만원대 헤드폰 추천좀 부탁드립니다 [2],2021-11-09 00:41:40,"1. FR


-> 하늘색선이 qc45 / 노란점선이 qc35



0db기준선으로 강조된 포인트 보면 되는데

에이오닉50
-전체적으로 플렛한데 Upper bass가 올라와서 깔끔한 저음
-중고음역대 밝은 사운드


XM4
에이오닉에 비해 중고음역대가 죽어서 비교적 어두운 소리


QC35
전형적인 V자
보컬이 정위치에서 한걸음 물러나있음


QC45
저음, 중음 같고 (35가 중음딥 한번있음)
특징적으로 다른 부분은 고음역대임
45가 고음역대가 더 올라간것으로 봐서 약간더 피곤하고 밝은소리 예상


qc35와 45는 측정오류차이인지 아닌지 잘모르겠음 이거....
35랑 45 소리는 같은거 아니었냐.....





2. 노캔







노캔은 대충 0~1khz 까지 두 그래프선의 차이를 보면되는데

xm4 > qc45 > qc35 > aonic50

근데 qc45에서 노이즈용 마이크가 4개에서 6개로 증가함

qc35 -> 45 아주 약간 향상된듯....
근데 어느 주파수대 빠짐없이 고른 노캔성능 보여주는건
xm4, qc35


isolation이 qc45가 중고음역대에 더 높은거로 봐서
착용감 차이가 좀 있을수도 있을듯







보스는 aac sbc 투툴

aonic, xm4는 넓음"
애플뮤직 좋은 노래 많네 ㅋㅋ [5],2021-11-09 00:39:57,ㄸ
다 터진김에 오인페나 바꾸고싶다 [11],2021-11-09 00:38:21,"애지중지쓰면 못해도 2년은 가겠지...


근데 그런 스테디셀러를 애플이 단종시킬리가..."
흐드팔스 그거 hdv820이나 hdvd랑 미묘하던데 [2],2021-11-09 00:38:04,필립스9500? 보긴했는데 저음쓰레기라길래 고민중입니다.
자기전 지듣노 [5],2021-11-09 00:37:47,전기식화련음악집단 무손실 ㅆㅅㅌㅊ
젠하엔 젠하앰프 [9],2021-11-09 00:37:42,머 이제 앰프 없어도 그럭저럭 살만한듯
근데 너네 이어폰꽂고 잘수있냐 [5],2021-11-09 00:36:31,"대충 정공관이 더 매칭 좋았단 말 확실히 해봄
제조사 권장은 어데꺼정 권장일 뿐이 아닐까 생각도 둠"
코드모조 떳는데 아무도 안사네 [3],2021-11-09 00:35:06,"https://youtu.be/_GC2wFTCAGY
잘자.."
더큐야 아리아 얼마에 팔앗니 [2],2021-11-09 00:33:14,hdv820 내일 5시에 수령
ㅋㅋ 충동구매 [12],2021-11-09 00:33:12,"잠안오던데


글고 알람은 어케하냐"
아침에 출근할때마다 머리가 아파 [4],2021-11-09 00:32:40,"폴리 패키지라...

62면 비싼거지?"
이어팟 진짜 개사기임 [8],2021-11-09 00:31:49,
아톰앰후 내놓고 젠캔 가져올까 [6],2021-11-09 00:31:44,"젠덱 젠캔 시그니쳐 세트 젠하이져 버젼 사면 소리 좋을까..
72만원 정도 하둔데


7디시콘 보기"
아 ㅋㅋ 지금 x26 pro 사기엔 늦은건가 ㅋㅋㅋ [3],2021-11-09 00:31:28,오후에 출근하세요
오늘은 ksc75로 노래를 들었다 [19],2021-11-09 00:31:04,"소리 질질 새고 바깥소리 다들어오는거만 빼면 개사기임



조용한 방에서 혼자 들으면 소리고 뭐고 걍 내가 질질 싸고 있음"
템포텍 소나타 HDV는 진짜 잘 나온듯 [6],2021-11-09 00:29:01,엑베의 뽕맛은 쵝오였는데
아 ㅋㅋ 지금 x26 pro 사기엔 늦은건가 ㅋㅋㅋ [3],2021-11-09 00:31:28,"갑자기 일체형 덱앰 쓰기가 싫어졌는데,
지금 시키면 팡군절 물량 땜에 늦게올까 고민댐"
오늘은 ksc75로 노래를 들었다 [19],2021-11-09 00:31:04,"내일은 뭘로 노래를 들을까?
- dc official App"
템포텍 소나타 HDV는 진짜 잘 나온듯 [6],2021-11-09 00:29:01,"]

다른건 다 떠나도 5만원대 꼬다리 치고 디자인이 넘 잘 빠진듯
4.4mm버전도 만들어주면 좋겠다
아이바쏘dc05는 또 금형재탕했던데"
개씨발 파우치에 넣어놨는데 왜 흠집이 생기냐고,2021-11-09 00:28:44,아 화나네
그러면 이어맥스에서 나온 선다라 케이블은 어떰?,2021-11-09 00:28:38,560s거 바란스 케이블도 얘네 거 사다가 쓰는 거긴 한데 나는 개인적으로 나쁘진 않았던 거 같은디 ㄷㄷㄷㄷ 
안녕하세요 플마 입니다 [2],2021-11-09 00:27:26,플러스 마이너스 입니다
착색 덩어리 저렴한 덱있냐 [15],2021-11-09 00:26:48,나도 그 착색인지 착석인지 느껴보자
WH-1000xm4 미개봉 33 괜찮? [6],2021-11-09 00:26:33,"에어팟프로 쓰다가 잃어버려서 
헤드폰으로 하나 사보려고함
이어폰은 qcy나 샤오미 노캔되는 3만원짜리 살예정
괜찮지?"
이새끼 또 이상한데에 돈 쓰네 ㅋㅋㅋㅋ [10],2021-11-09 00:25:34,뜨끔한 사람들은 반성해라 이 말임
나궁금하다이것의후기,2021-11-09 00:25:22,알려주바라
에어팟3 사고 팟프로 팔았음,2021-11-09 00:24:03,"음질, 착용감이 너무 차이나고 노캔 별로 안써서

오픈형치고 저음이 압권인데 제미니처럼 부자연스러운 저음이 아니라 자연스러운 저음이라 너무 좋음

이어팟도 저음 좋은데 극저음까지 나와 더 좋음

이제 흐드륙하고 댁앰도 팔 거임

무선으로 종결 가자"
qc45vswh1000xm4,2021-11-09 00:22:33,머가 더 나음?
진자 억울하다 [2],2021-11-09 00:21:48,내폰엔 외 3.5파이 없냐고 개쉬발
원신6돌3캐계정팔고 유라6돌계살라햇는데 맘접음 [10],2021-11-09 00:21:04,검은사막이랑 던파 붕괴 섀버하기 바쁨
아직도 섹스 한 번도 못 해본 새끼가 있다고? [8],2021-11-09 00:20:45,짤곧내
풀밸 정공관 사보고싶다 [4],2021-11-09 00:18:27,돈 왕창 깨지겠지
몰?루 [13],2021-11-09 00:17:10,"첫째 츄츄는 아프고
둘째 츄츄는 병을 봐주네"
아이폰이 이쁜거냐? [9],2021-11-09 00:16:21,아이폰 산애들 물어보니 산이유가 이뻐서 라고 하는데 진자냐?
단자크기가 영향있어요? [5],2021-11-09 00:16:12,3.5랑 4.5랑 뭐 해상도 차이라도 나요?
영화도 ldac 코덱적용됨? [4],2021-11-09 00:15:29,"폰은 아이폰이고 태블릿은 갤탭
근데 주로 갤탭으로 영화볼려고 이어폰 낌
그럼 여기서 에어팟 프로를 사야됨? 아니면 소니 wf 1000xm4를 사야됨? 아이폰으로 연결할때는 음악 대충들어도 상관없음 어차피 음악 제대로 들을땐 스피커로 들을거임"
이헤붕이들 모아놓고 게임시키면 그게 오징어 게임 아님?? [1],2021-11-09 00:15:27,"오징어 얼굴 게임

ㅋㅋ"
밸런스드아니면 못듣겠음 [8],2021-11-09 00:14:26,마음이 편안해짐
3만원짜리 무선이어폰 쓰다 8만원대 유선쓰니 ㄹㅇ 지리네 [9],2021-11-09 00:14:21,"비록 불량떠서 반품할 거 같지만... 진짜 신세계를 경험했다.

앞으론 저가형 이어폰 못쓰겠네 ㅋㅋ ㅈㅈ"
중고 매물 올렸더니 [3],2021-11-09 00:14:18,예전에 나한테 고장난거 사가서 사기치던 사람이랑 같은 연락처로 아까 중고로 올린거 사겠다고 연락왔는데 어떻게 해야하냐? 입금도 나중에 한다길래 괜히 3자사기 같은거 당할까봐 무서운데
마이네임 본 사람?,2021-11-09 00:14:17,재밌음
득삼이도 오래틀면 득근득근 하네,2021-11-09 00:13:07,체온보다 몇 도 높은정도
판매자가 순다라용 맞다기는 하는 거 같은데 [4],2021-11-09 00:11:57,"혹시나 싶어서 판매자 채팅으로 질문 던져 놨음 ㄷㄷㄷㄷㄷ
얘네가 가격이 좀 저렴한 거 같아서 일단 맞다고 하면 얘네 거 사는 걸 고려해봐야겠음 ㄷㄷㄷㄷ"
짭스바라 직구하면 대는데 [6],2021-11-09 00:10:25,난 그냥 몰테일 수수료 무료 이벤트할 때 그걸로 구매대행함
qc45살까? [5],2021-11-09 00:07:59,네이버 현대카드만업성서 한 30인데 지금 소니 wh1000xm4 31에 예구걸어놨는데 qc45를 살까 wh1000xm4를 살까 고민되네 편의성은 xm4가 씹압살인데 qc45는 확실히 편할거같고 저번에 껴보니까 qc35가 편하긴오지게 편하던데 보스가 중고가 방어 잘되는편?
큐델 vs 플마 [5],2021-11-09 00:07:13,"큐델: 갤 보고 욕 박은거 캡쳐함
플마: 갤 보고 깎아줌"
닥헤글 정리중,2021-11-09 00:05:56,"판매글만 100개가넘누.... 
- dc official App"
플마아조씨 [3],2021-11-09 00:05:54,"다좋은데 이런거 몇개있더라
바실v3 정가가 8.9에 최근 행사도했었는디 11.9직배면 안살거같아


주로 레이저쪽 제품 몇개있었는데 넘졸려서 이거만알려주고자러감"
msr7b는 저음이 원음인거에요 아님 원음보다 약해요?,2021-11-09 00:05:52,저음부가 맥아리가없네요. 고음좋은건 좋은데.. 이게 원래 음악의 원음인지 아님 얘 종특인지요.
플마형님 이제 한번 나타나시죠 [4],2021-11-09 00:04:18,인사좀 드리고 싶습니다. (꾸벅)
??? : 슈타게! 아시는구나! [6],2021-11-09 00:03:15,ㄷㄷ
200달러 그냥 받았네 ㅋㅋㅋㅋ [3],2021-11-09 00:02:55,95달러 2개 ㅅㄱㅋㅋㅋㅋㅋㅋ
딕헤이 덱 ㄷㄷ,2021-11-09 00:02:10,쵸ㄹ드 데이브에 b&w 였누 ㄷㄷ
베이어 proX 정발 소식 없음? [1],2021-11-09 00:01:13,"해외는 이미 팔고 있다며 
정발계획 없는건가"
짭스사면 정전 앰후는 별도 구매냐? [2],2021-11-09 00:01:00,ㅈㄱㄴ
순다라 4.4 케이블은 이런 거 사면 뎀? [11],2021-11-09 00:00:10,"헤드폰쪽 2.5, 입력단 4.4면 되는 거 맞제?"
dx3pro plus 100달러 세일 [1],2021-11-08 23:59:54,어 내가 95달러 쿠폰 먹어서 그래~ㅋㅋㅋㅋㅋㅋㅋ
추천좀,2021-11-08 23:59:49,"옥나노랑 뉴하나 둘중에 뭐가 좋음? 어내 다른지도 알려줘
- dc official App"
플마사장님 [6],2021-11-08 23:59:25,"https://youtu.be/b971NOZEbgo

펄스 듣고 가요
좋아요"
아니 미친 플마형 진짜 눈팅중임ㅋㄲㅋㅋㅋㅋㅋ [8],2021-11-08 23:58:58,"짭스가격 실시간 81.9 ->79.9

형 근데 아직 좀 비싸.."
플마사장님 nan-6 [2],2021-11-08 23:56:32,해줘
요즘 어푸 왜이리 귀엽냐,2021-11-08 23:54:24,원래 귀여웠나
중고거래 살떨려서 못하겠다 [1],2021-11-08 23:54:03,"얼굴도 안 보이는 상대에게 짧은 몇 가지 질문 만으로 

최대한 여러가지 정보를 얻어내야 한다는 압박감이 너무 싫다"
플마형 짭스 71.9 가능? [11],2021-11-08 23:53:31,"맨 처음이 71.9인가 72.9였자나 ㅡㅡ

엊그제만해도 77.9였는데 왜갑자기 81.9야;;;;;;;;;;;

형 나 진짜 74.9까지만 어캐좀 해주면 앙대???"
이헤붕이들아 꿀팁이야 [2],2021-11-08 23:52:15,"번개할때 콘돔빼는 꿀팁이야!

약속잡을때부터 쪽지나 카톡으로 노콘해도 되냐고 물어보면 100퍼 안된다고한다.
심하면 차단당할수도 있음

콘돔 당연히 쓰는것처럼 얘기하고 일단 만난다음에 삽입 직전에 노콘으로 하고싶다고 얘기하면 100에 98은 어쩔수없지 하고 하게해줌.

간혹 절대안된다고 몸부림까지 동원하는 개같은년들 있는데 어느정도 박다가 분위기 봐서 말없이 빼버리면 됨. 이미 뒷구멍 헐거워져서 노콘으로 해도 눈치못채고 눈치채도 흥분해서 걍 넘어간다ㄹㅇ

진짜 꿀팁은 지금부터다. 섹스 끝나갈때 싸기직전쯤이면 보통 정자세로 하고있을텐데 이때 바텀한테 안에다 쌀거라고 말하면 노콘 허락한새끼들도 안싸는 안된다고 10에 5은 몸부림친다.

이때 바텀 팔꿈치 안쪽이라고 해야하나 팔 접히는부분 양 팔로 잡고 자세 낮춰서 껴안듯이 키스하고 무게싣어서 박으면 못움직임. 그대로 너무 깊게 넣지말고 애널 입구에서 손가락 두마디정도 안쪽에 자지 뒷쪽 전립선에 꾹 대고 사정하면 뿜어져나오는거 다느껴서 바텀새끼들 끝나고보면 화는 나지만 처음느껴보는 쾌감에 혼란스러워함.

그 뒤로는 바텀들 지들이 먼저 노콘으로 해줬으면하는 표정짓는다. 그럼 그때부턴 뿌리끝까지 쑤셔넣고 기분좋게 싸면 됨."
남은건 이제 싼 스피커뿐,2021-11-08 23:50:55,귀찮아서 이헤 손도 안대는중
아시발 내 얄포 소나타 어디갔지,2021-11-08 23:48:47,금요일에 KFC 쳐먹고 두고 왔나
님들 헤드폰 꼬다리 쓴거보다 직결이 더 좋은거같은데 [3],2021-11-08 23:48:31,"뭐죠 소나타 프로 샀음요

갤에서 꼬다리 꼭 쓰라고 해서 산건데

통수맞은건가요"
내가산 물건중에 가장 충격받은 물건 [1],2021-11-08 23:48:14,"60 따리 밀페형이 200대 밀페형 하고 비비거나 스은 더좋게 들림... 진짜 이건 내가산 가격에 시장에 나오면 바로 밀페형 1티어 패왕 됨 다행히 제작자가 만들기가 워낙 ㅈ같앗는지 100대 한정으로 끝냄 ㅋㅋㅋㅋ
- dc official App"
여튼 수령하면 후기 올리겠엄 [9],2021-11-08 23:45:44,그래바야 니들이 이미 다 질리게 들어본 헤드폰이라 재미는 없겠지만 헤린이 평가는 어떤가 구경하러들 오셈 ㄷㄷㄷㄷ
순다라사지말고 한방에 아리아ㄱ [3],2021-11-08 23:44:25,나중에 뭔소린지 알게될거다
플마 배송 나름 빠르더라.. [1],2021-11-08 23:44:09,옥나노 정확히 1주일 걸렸음
신발 폰 데이터로 타이달 재생이안되네 [10],2021-11-08 23:43:35,와이파이는 되는데 다른 알뜰폰으로 갈아타고부터 안된다
사장님 보고 계시죠? [6],2021-11-08 23:42:20,클리어 호환패드 있어여?
고닉중에 플마 사장 있을듯 [11],2021-11-08 23:40:48,ㅇㄱㄹㅇ;
킹갓 qc35 꼭사라,2021-11-08 23:40:31,예 쓰고있는데 쌉좋네
음부중 [4],2021-11-08 23:40:16,땃쥐짐
E30l30 질문점 [1],2021-11-08 23:39:18,원래 윈도우에 e30이라고 오디오 옵션에 떴는데 드라이버 설치ㅏ니까 topping usb dac이라고 뜸 이거 뭐 상관 없는거지??
플마 순다라떡밥터지니까 호다닥 가격내림 ㅋㅋ [5],2021-11-08 23:38:21,"밑게시글엔 36.9인데
지금들가면 34.9임

근데 아리아랑 아난다도 가격내려감"
딥음부 ㅇㅇ,2021-11-08 23:38:16,"고막 휴식시간 정돈 걸러야 진정한 음부

ㅇㄱㄹㅇ"
순다라 살바에 [16],2021-11-08 23:35:57,"헤륙세에 a281 사라

바부들아




- dc official App"
득삼플 직구 지금 얼마임? [4],2021-11-08 23:35:15,플마랑 차이 많이나나?
짱깨파이는 무적권 싼거사라 [5],2021-11-08 23:34:07,ㅇㄱㄹㅇ
순다라 가격 좀 오르긴했내 [4],2021-11-08 23:34:06,플마 34.9네
플마에서 왜 안 샀냐고 불편해하는 애들 있노 ㄷㄷㄷㄷ [13],2021-11-08 23:33:54,나는 이 가격차이면 걍 정품 사려고 생각 들었음
언밸런스 랑 밸런스랑 차이가 출력 차이가 끝임? [1],2021-11-08 23:33:37,"출력 차이 외에 뭐 다른거 있음?
아니면 이거도 미신이냐?
- dc official App"
떡 존나 친다 ㄹㅇ [11],2021-11-08 23:31:17,"섹쓰

ㄹㅇ

ㅋㅋ

ㄷㄷㄷㄷ




- dc official App"
싸구려로 야동보는거 아니다,2021-11-08 23:30:59,싸구려는 신음소리에 쏘울을 죽여버림
순다라 샀워 [11],2021-11-08 23:30:02,선물하기로 사면 4천원 더 적립해준다고 그래서 선물하기 써서 샀음 ㄷㄷㄷㄷ
떡존나 치지마 십쌔들아 [5],2021-11-08 23:29:56,나빼고 다쳐 ㅠ
게이팝 노래방에서 부르다가 실패한곡,2021-11-08 23:28:57,"https://youtu.be/vzDgT5s2Isk

노래방에서 부르다가 목찢어질번 "
비싼걸로 야동보면 몰입감 지림?,2021-11-08 23:28:08,
씹새들아 헤드셋 나보다 잘 알면 와봐라 [2],2021-11-08 23:27:24,"인강 애플 이어팟 오픈형으로 듣는데 하루에 7시간정도 들으니깐 귀 찢어질거 같은데

헤드셋 사면 좀 괜찮아지나,,?

헤드셋 무거울거 같은데.. 괜찮은거 있음 추천좀 해주라 애드라

음질은 상관없고 그냥 편했음 좋겠어.. 될 수 있으면 디자인도 이상하지 않은걸로...

디시는 제목 이런식으로해야 알려준다해서 한거야.."
어무니가 [18],2021-11-08 23:26:17,"남는 이어폰 잇음 달라길래
방구석에 굴러다니는 블2드렸다
좋아하시더라
브이
AVICII"
코노 필수곡 [7],2021-11-08 23:25:14,"https://youtu.be/mVf2EeTMNJo

https://youtu.be/v7tJAKo7quc

https://youtu.be/hRJKGVJpHpA

https://youtu.be/689GoEBjMhY

https://youtu.be/qYYJqWsBb1U

https://youtu.be/QqMt41xA1oE

https://youtu.be/pXSNAF6j8aw

사실 7ㅔ이팝은 아는게 많이 없다캄 ㅇㅇ;;;;;;"
포칼 클리어 예비군 에디션 저건 누가 주워갈까,2021-11-08 23:23:26,"진짜 예비군훈련에 저거 쓰고 가서 훈련끝날때까지 같이 구른거같이 생겼다 도대체

얼마나 머리에 물기를 가지고 썼으면 그냥 아작이나있네 헤드밴드가"
씨발 나는 행복해본적 없어 [21],2021-11-08 23:22:51,"와 오늘 개추움 ㄷㄷ






- dc official App"
qc이어버드 쓸만함? [5],2021-11-08 23:21:01,가격때문에 고민되는되 쓸만함?
아무튼 다들 행복하면 좋겠음. [5],2021-11-08 23:19:49,"좋은 사람들과 따듯한 인사를 주고받으며

행복한 일상을 보내길

잠이나 자야지.."
7ㅔ이팝에서 맘에 드는거 [10],2021-11-08 23:18:11,"https://youtu.be/v7tJAKo7quc

임마도 코노 필수곡이라캄
근데 빡세"
밀폐형 헤드폰 추천바람 50~70정도 사이 [15],2021-11-08 23:16:46,"현재 k371 아주 만족중

50~70에서 종결하고 싶은데 

뭐가 좋음?

ndh20 일단 이거 영디비에서 봐둠"
dap 고수분들께 질문좀.. [8],2021-11-08 23:16:41,"n6ii ti   vs   hiby rs6
뭐가 나을까
중고가격대는 그놈이 그놈인데
rs6은 편의성, 최신ap가 장점이고
n6 ti 는 갬성과 한정뽕
뭐가 나을지 ㄹㅇ 심각하게 고민됨...


프만이 주력이어폰이라, 중저음이 좋은 기기면 가산점 있음"
그런데 요즘 밖에서 헤드폰 끼는 사람이 있긴하냐 [1],2021-11-08 23:15:36,?
솔직하게 덱 바꾸고자 하는생각이 드는 이유가 [2],2021-11-08 23:15:24,"톡방이라던가 갤에서 라든가 x26 좋다고 하는거 보고 임 .. 내.덱이 듀얼 es9018쓰는 올드댁이라.. 이제 슬슬 바꿀까라는 생각이 es9038 두발 박은 x26보고 들더라... 근데 또 주위에 물어보니 r2r이 그렇게나 좋다네.. x26이 좀 마음에.안드는 부분 조금 있어서(크기 무게) ..

하.. 고민 존나 되네
- dc official App"
한남들은 뭉쳐서 자기 권리를 주장할줄 모름 [1],2021-11-08 23:09:42,"그냥 억울해도 롤하면 끝나는 병신들임
그러니까 맨날 떼써서 억지주장까지 관철시키는 한녀들한테 지는거지 ㅋㅋ
문제는 그 한녀랑 한번이라도 어찌저찌 해보려고 눈을 부릅뜨고 있는거 ㅋㅋㅋㅋㅋㅋ
내가볼땐 평생 한남이 이기는 날이 없을것"
클리어 사고 나서 이/헤폰 사용비율 [17],2021-11-08 23:08:00,"정확히 반반 ㅇㅇ

상황따라 돌려쓰는 재미"
[일반]qcy T13 소감 [7],2021-11-08 23:07:10,"주력기기가 9000원짜리 파나소닉 이어폰인 닝겐이니까 이 글에서 뭘 기대할 수 있을지 잘 알거예요.그냥 잡담이예요.



어제 한 분이 글을 올렸어요.
QCY T13구매했는데 저음 너무 심하다

https://gall.dcinside.com/board/view/?id=earphone&no=3160170&s_type=search_subject_memo&s_keyword=QCY+T13%EA%B5%AC%EB%A7%A4%ED%96%88%EB%8A%94%EB%8D%B0+%EC%A0%80%EC%9D%8C+%EB%84%88%EB%AC%B4+%EC%8B%AC%ED%95%98%EB%8B%A4&page=1

링크된 곡을 들어봤어요.

https://youtu.be/R3V4sAXUJ-g
저음이 지나쳐서 럼블링이 불쾌하고,동시에 또 소리가 메마르달까 먹먹하달까 음악이 음악이 아니라 그냥 '소리 덩어리'라고 느껴지고 듣기가 싫었죠.
처음 도착한 이 이어폰을 들었을 때 딱 그 느낌이었거든요.

유튜버들의 설명으론 그렇게 문제가 있는 사운드는 아니라고 했는데,이건 병든 소리인 거예요.그래서 그냥 유튜브 감상용이니까 하고 있었는데,위의 글이 올라온 거예요.

이어폰을 쓸 때는 본능적으로 착용상태를 만져서 소리를 조절하잖아요.그래서 이어폰을 조금 뽑아서 저음이 도망가도록 하자고 리플을 달았어요.
그리곤 가지고 있던 여분의 다른 이어폰 번들 이어팁을 봤더니 크기가 약간 작은 것처럼 보여요.그래서 바꿨죠.

결과는 저음이 뚝 떨어지고,소리는 그냥 평범하게 제자리를 잡았어요.그 가격대에 합당한 소리가 된 거예요.내친 김에 쓰고 있던 폼팁을 벗겨서 바꿔 끼워봤어요.당연히 저음이 다시 올라가고 소리도 괜찮은 쪽이었는데,문제는 폼팁을 끼워서 밀어넣으니 착용감이 그지같아요.

원래 이어팁을 끼워서 봤어요.뭐가 다른가.딸려온 이어팁을 끼우면 사운드 주둥이에서 튀어나오는 이어팁의 돌출이 아주 작아요.그런데 다른 번들 이어팁을 끼우면 상대적으로 이어팁의 돌출이 수 분의 1mm정도 더 튀어나와요.

이게 약간의 거리와,소리가 도망갈 여유를 만드는 것 아닌가 추측해 봤어요.

결론적으로 조금 작은 팁으로 교체를 하고 편안한 기분으로 쓰자는 쪽으로 결론을 냈죠.그냥 평범한 저가의 이어폰이예요.

*****************************
개인적으론 무선의 시대는 아직 이르다고 생각을 하고 있어요.이어폰이든 헤드폰이든 배터리 문제로 무거워져요.어제 이 이어폰을 세 번이나 떨어뜨렸어요.밀폐감이 싫어서 음악을 들을 때가 아니면 느슨하게 빼 놓는데,그러면 이어폰 무게 때문에 잘 빠져요.쏙 집어넣으면 잘 안착하지만 ,조금 빼면 걸어주는 게 없는 거죠.

귀의 건강을 위해서라도 아직은 유선이 바람직해 보여요.그래도 이왕 산 거니까 매일매일 열쒸미 쓸 생각이예요.무선이든 유선이든 싸구려 이어폰이 있으면 사지 마세요.아무 것도 없으면 사보세요.괜찮아요.우선 싸잖아요?"
알칠공 사고싶운데 [2],2021-11-08 23:06:02,"포터블로 돌리기 빡샌거같아서 고민되네
시그니처 정도는 사야 침대파이 십간응 안인감.."
액정2밀폐 인기 겁나 없네 [3],2021-11-08 23:05:38,이게 81만원까지 가도 안팔리고있냐
AONIC50과 QC45 승부존.....Fighting [38],2021-11-08 23:04:47,"음질
에이오닉50 > qc45 (qc35)

노캔
에이오닉50 < qc45

착용감
에이오닉50 < qc45


무게
qc45 241g
에이오닉50 334


가격
qc45 = 30만
에이오닉50 = 36만



고민이 크다...
노캔을 제대로 테스트를 안해봐서 에이오닉50은"
솔직히 이덱이.x26프로 보다 좋다는 확신은 있다 [1],2021-11-08 23:04:28,"크기랑 부품 전원구성 보면 어느정도 각 나오거든..  근데.일단 복각이라는.점과 무게 17kg w452mm.....

기존 덱도 440mm에 무게 8kg 인데...


일단 관세는 100퍼 나온다고 봐야하고... 하 고민 존나 되네
- dc official App"
유코텍 re-2 샀는데... [18],2021-11-08 23:03:59,"유선이라 아무래도 운동할 땐 불편할 거 같네요.

그래서 반품하고 새거 사려고 하는데 (오른쪽 유닛불량 ㅜㅜ)

이거보다 더 음질 좋은 무선헤드폰 사려면 어떤 거 사야하나요?

30만원 이하로 말해주세요...

20만원 이하면 매우 ㄱㅅ"
내 여친인데 [1],2021-11-08 23:02:55,너무 예쁘네요 ^^*
아이돌노래 갑이었던 [8],2021-11-08 23:00:57,"이노래도좋음아이돌
- dc official App"
아 댁 살려고 마음먹고 지를려는데.. [3],2021-11-08 22:57:47,"예산 250.잡아 놧는데 아무리.대가리.굴려봐도 300나오는데... 거기다 기존 덱이 환급성 좋은 물건도 아닌지라.....그냥 쓰던거나 쓸까라는생각이 자꾸 맴돈다..
- dc official App"
애플뮤직 스포티 씹덕은 뭐 씀? [21],2021-11-08 22:54:54,이거는 갓플뮤직인가??
질렀슴 [9],2021-11-08 22:54:26,가즈아
다들 오늘은 일찍 자자 [18],2021-11-08 22:51:46,Zzz
아이~띳팔 [7],2021-11-08 22:51:45,"클리어 기케는 저주받았다
또수리로 하나 산다"
x1s pro 추천 많은데 3.5단자만 있는거임?? [4],2021-11-08 22:51:33,밸런스드케이블 없이 3.5단자만 있음??
상상더하기다시듣는다 [6],2021-11-08 22:50:24,- dc official App
기존에 애플뮤직 새기기 6개월 무료 받고있으면 또 못받음?,2021-11-08 22:49:00,"저번에 팟프로사니까 새기기 어쩌구 하면서
애플뮤직 6개월 주더라?



근데 이번에 팟맥스 살려니까- 거기에도 6개월 무료 있다던데

기존에 무료 6개월 받고있는 계정에 새 팟맥스 등록하면
6개월 더 추가 해주냐??


아니면 이미 받고있으면 무료 6개월 아예 못받냐.. (다른계정 쓰지않는이상)
걍 사라지는건가..

애플공홈 찾아봐도 정보 없어서그럼.."
모조2 올해안에 나오냐 [3],2021-11-08 22:46:28,전에 목업인지 샘플인지 본거 같은데 나올때 안됐나
내일 영화보러 가는데 뭐보면 되냐? [2],2021-11-08 22:42:48,듄? 이터널스?
야이시발 [6],2021-11-08 22:41:44,"흐
- dc official App"
qc 35 2세대 왔는데 [3],2021-11-08 22:41:21,"노캔이 먹먹한 정돈 아니네

주변음 듣기도 없어서 자전거 탈 때 쓰면 뒤지겠다
- dc official App"
x26pro 빨리사라 [7],2021-11-08 22:41:09,"https://m.dcinside.com/board/earphone/3160121

김구슷타가 영혼을 갈아넣은 역작이다 
부품 물량으로 밀어버림
k271 구형 최고"
쿠로미가 사람은 아니지만 [23],2021-11-08 22:39:10,"사람이 될 수는 있다구 ! !


"" 쿠로미 "" 가 사람일 때 이름은

"" 쿠루미 """
나 치킨 혼자 먹어본적이 없음,2021-11-08 22:31:40,"같이있을때 먹고

혼자있으면 대충 때울려는 습성?이 있어서 안사먹게되더라...

치밥 그것도 한번도안해봄

치밥 궁금하긴해 어떤가

탄단지완벽하자너"
u12t 팔아야지 후후 [2],2021-11-08 22:31:39,"카토로 충분한 삶
- dc official App"
근데 서울에 지하철 헤드폰쓴 사람보면 [6],2021-11-08 22:30:47,"같이있을때 먹고

혼자있으면 대충 때울려는 습성?이 있어서 안사먹게되더라...

치밥 그것도 한번도안해봄

치밥 궁금하긴해 어떤가

탄단지완벽하자너"
팔려고넣어둔 HDVD800 다시꺼냈다 [10],2021-11-08 22:30:42,"카토로 충분한 삶
- dc official App"
qc45 유무선 겸용 맞음??? [1],2021-11-08 22:30:16,"생각보다 이상한 사람없던데
저번에 셰에가면서 김포공항에서 압구정로데오까지 가는데
생각보다 해드폰쓴사람도 많고
예상보다 여자들이 더 많이 쓰고 다녀서 좀 놀람"
현실 귀재 엉겨붙기는 이미 글러먹었다는 말임,2021-11-08 22:27:45,"내일이면
HDV820오니까 HDVDHDV스택가능하다 이말이야"
X26 pro가 존나 대단한게 [10],2021-11-08 22:27:18,"이거 스펙상에는 유무선 겸용이라고 되어있긴한데 영상보면 유선으로 낀애가 한명도없네
머 요새는 당연한건가"
61.74야 진지하게 프만 저음이 죳지린다 생각하는거야? [6],2021-11-08 22:26:07,ㅇㄱㄹㅇ
마샬 메이저 4 주파수 그래프 [11],2021-11-08 22:25:33,"기기가 비싸지면 보통 음원 존나 타는 경우가 많은데 임마는 음원을 안타는 수준을 넘어서서 좆같이 녹음된 음원을 그냥 살려버림 ㅋㅋㅋ
ㄹㅇ 명의다.

뮤즈 스톡홀름 신드롬이나 트래비스 차이니즈 블루스 요 두개가 어지간한 시스템에선 고구마 100개 먹은것같은 답답한 소리 나는데 막을 그냥 활짝 젖혀버린다.
무슨 리마스터 한거마냥 ㅅㅂ (그동안 DAC A18/RME ADI2/Pegasus/Modius 등등등 썼었음) 쳐박힌 보컬이나 베이스 멱살잡고 끄집어냄.

샤픈만 존나 먹인 사운드랑은 궤가 다르고 분리도가 그냥 오짐. 섬세하게 모든소리 하나 하나 다 잡아내려고 하고 얘는 100만원대 있을 놈이 아닌데 ㅋㅋㅋㅋ"
버즈2 중고나라에서 사도 as됨?,2021-11-08 22:25:15,그래도 돈받고 대신 청음할라면 귀는 정상이어야지 ㅡㅡ
소리 좌우 반대로나느데 뭐가문제지 [2],2021-11-08 22:25:12,"적당히 든든한 저음, 맑고 깨끗한 고음

Major 4, What else?"
애들아 zax 이어폰 진짜 가성비갑이냐 삼성번들같은거아니고? [4],2021-11-08 22:24:33,미개봉 사려고
마샬 메이저4 구매ㅋㅋ [8],2021-11-08 22:21:39,컴에연결해서쓰는데 하나만문제면 몰라도 꼬다리해서 이어폰 거치형덱 헤드폰 둘다 소리좌우반대로 나는데 프로그램써야하나
어 산업폐기물 오랜만에 들으니 좋네 [7],2021-11-08 22:19:59,zax 이거 평가가 남다르던데
갑자기 소니에 궁금한게 생겼는데 [7],2021-11-08 22:17:57,오늘 들어보니까 저음이 많아서 좀 아쉽지만 그래도 디자인 이쁘고 소리도 괜찬아서 커플템으로 구매!
대림머형 라이브중인데,2021-11-08 22:17:40,저음 원툴머신이라 락에 잘어울리긴 해
씨발 아무리 몰라도 dd ba 소리가 다른건 알아라 [9],2021-11-08 22:16:38,"소니는 일본 내에서도 소니로 부르냐?

원래 소니 가 일본어냐??

아니면 일본어로는 혹시 따로 불리는

이름이 있냐?"
존버하다보니 매물 뜨긴 하네 [8],2021-11-08 22:16:08,오늘이 제일 자연스러움 
Rme ADI-2 DAC FS 임마는 시세가 얼마인거임? [3],2021-11-08 22:14:31,오늘이 제일 자연스러움 
xdsd신작 비싼거냐?,2021-11-08 22:13:48,"이새끼들은 원초적으로 이거 두개 소리 뭐가 더 조아??
ㅇㅈㄹ하면 다되는 줄 아노
구조적 차이에대한 소리
본인 취향이 뭔지는 알고 씨부려라 십새들아"
SBC가 [6],2021-11-08 22:13:18,"오래기다리긴 했는데 연식이랑 컨디션 가격이 좀 별로인 것 같네

요즘 옷 산다고 정신없는데 옷에 돈 안썼으면 이거 샀을텐데 

만약 니들이 산다고 하면 연식/제품컨디션/가격 어떻게 보냐?"
ie900이 u12t에 비빌만한 소리야? [2],2021-11-08 22:13:13,80이면 사냐?
살살 쌀쌀 dac 바꿈질 마려운 시기긴 함 ㅇㅇ [1],2021-11-08 22:11:23,599달러던데 이가격이면 걍 모조2사는게 낫지않노
님들 660s + zen can + DAC 하면 얼마 정도 듦?? [6],2021-11-08 22:10:51,"16bit
44.1kHz
328kbps

오,,,, 생각보단 괜찮넹,,,,"
아씹 생각해보니까 크기랑.배송비 관세도 하면 [5],2021-11-08 22:08:34,"가끔 비교글이 올라오네..

가격이 거의 두배 차이나는데...

청감상 차이 확 나지 않아?

비슷한 구석이 뭐야?"
버즈플러스 vs 버즈2 머가더 좋음? [4],2021-11-08 22:08:28,"ㅇㄱㄹㅇ

°⌓°"
바이럴에 당한 입문기 [5],2021-11-08 22:06:20,백순데 좀 오바임? 사친가요
알음이 DAC 꼴린다,2021-11-08 22:05:27,"예산 초과네 쓰벌... 아.그냥 일단.존버 할까.
- dc official App"
아시밤 ㅜㅜ 신카 만들었는데 결제를 못하네 ㅜㅜ [10],2021-11-08 21:59:57,머사지 가격도 거의같네
포칼 클리어 양옆으로만 좁은 게 아니네 [2],2021-11-08 21:58:55,이 폐기물 추천했던 넘들 거열형 마렵다
니네 꼬다리덱 소스기기 볼륨 몇으로하냐? [2],2021-11-08 21:57:15,팔아'줘'
퍼오디오 m4 청음알바 구한다고 [34],2021-11-08 21:56:51,11절 때 노트북세일해서 할부 지를려고 하는데 카드가 집에 와야 지르네 ㅋㅋㅋㅋㅋㅋㅋ ㅅ2ㅂㅋㅋ
외이도염 걸리는거 버즈 프로지?,2021-11-08 21:56:36,앞뒤 거리감도 좁은 편이네.. 이건 공간감으로 승부 보는 놈이 아니었구만..
와둘둘집에두면 겨울날수있냐,2021-11-08 21:56:22,기름값이랑 주차비랑 까까 사묵을돈 준다고
퍼오디오 m4 고음 몸안좋을때 들으면 많이 쏴? [15],2021-11-08 21:56:20,버즈 플러스랑 버즈2는 괜찬지?
무선이랑 유선이랑 둘다 사용 가능한 헤드폰 ㄱㅊ은거 머잇슴?? [1],2021-11-08 21:55:27,진공관 아는브랜드 우오디오밖에없다캄
dac 바꿀려고 한다 [5],2021-11-08 21:53:42,ㅇㅇ?
레벤쟝 그립감 [3],2021-11-08 21:53:24,노캔되면 좋겟는데
dac 바꿀려고 한다 [5],2021-11-08 21:53:42,"어디 5300달러 짜리 본따서 만든 dac이라는데 r2r이고 전원부 튼실해보이고 가격도 200대  인데.크기랑 무게가 내마음에 쏙들어서 살까 생각중 무게가 17kgㄷㄷㄷㄷ
- dc official App"
레벤쟝 그립감 [3],2021-11-08 21:53:24,뉴비돕고참한갤럼이였는데
헤드폰 때문에 히키코모리 됐다. [3],2021-11-08 21:52:17,이헤갤에서 추천해준거 듣다보니 집을 벗어나기기 힘들어졌다.
애플 유선 인이어 이어폰 어때? [5],2021-11-08 21:51:29,"아직도 잘 쓰고있긴한데
어느정도 급인지 궁금함... 에어팟 1세대 쓰다가 배터리 맛가서 오랜만에 꺼내서 쓰고있긴한데
에어팟 3세대 나오면 다시 그걸로 바꾸긴할거임
요즘 치면 얼마짜리 이어폰이얌?"
지듣재즈 [4],2021-11-08 21:49:58,"https://www.youtube.com/watch?v=Eql278rz_Vg
커피마시면 잠안오니깐 따신 우유 마시면서 재즈음감"
akg k812 어떰? [10],2021-11-08 21:47:01,701 잘 쓰고 있는데 812는 어떰?
버즈종류중에서 배터리 제일오래가는거뭐임? [5],2021-11-08 21:46:18,케이스에 있는걸로 충전해서 쓸수있는 최대시간 제일긴게머임?
젠하이저 ie300 사고싶은데 블프 기다리면 더 싸질까요?,2021-11-08 21:43:14,"그리고  ie300이 힙합 듣기에 적합한지도 궁금해요
- dc official App"
4핀 진공관앰프 쓸만한거 추천좀 [4],2021-11-08 21:42:14,비싼거말구
"현재 371 사용중 인데, 게이밍 헤드셋을 살까요 [7]",2021-11-08 21:42:02,"사블을 물릴까요

아니면 헤드폰을 살까요

음린이 너무 고민되네요.."
나는 rag n boneman 좋더라,2021-11-08 21:41:57,얘 노래들은 하루 한번 이상은 듣는듯
무선이어폰 배터리 존나오래가는거 머머있음? [5],2021-11-08 21:41:28,에어팟빼고
얘들아 에어팟이랑 버즈 어디서 청음할 수 있을까? [3],2021-11-08 21:39:19,에어팟빼고
이헤갤 망갤 테스트 [31],2021-11-08 21:37:40,"셰에라자드인가 뭔가 청음샵에선 없더라고..



청음하는 곳 있을까?"
QC45로 갈아타야겠다 [16],2021-11-08 21:37:36,3 x 3 =
개씹핵우주명작띵곡주머니 앨범 추천하구 가 [13],2021-11-08 21:36:30,"가격차이 얼마안나는데 갈아타야지..,,,"
아 개시발 ㅋㅋ 이거 실화냐 [1],2021-11-08 21:30:47,"팝 / 락
절절하고 파워풀한 남보컬과 랄부를 떨리게 하는 저음을 가진 아티스트 추천 ㄱㄱ

최애는 임마들임"
옥나노에서 ie300 가면 체감ㄱㄴ? [6],2021-11-08 21:30:09,왜 에어팟맥스 블랙 색상은 없는데 시바련아 
돌솥 하나쯤 있으면 나쁘지 않음 [1],2021-11-08 21:29:11,"현재 옥나노 처분한 상태인데 중고 30언더에서 뭐살지 고민하고 있음. 전체적으로 올라운더(굳이 따지자면 보컬, 댄스?) 선호하는데 체감 충분히 ㄱㄴ할까? 블레싱2도 괜찮아보이긴 하는데 ie300가 끌리는 상태라 조언 좀
- dc official App"
DJ프리모나 들어라... [2],2021-11-08 21:28:25,많이 안쓰긴 하는데 그렇다고 아예 안쓰는것도 아니고 걍 안쓰다보면 생각나는데 없으면 허전함
돌솥매물살까 [4],2021-11-08 21:28:13,히팝은 무순....
힙합은 거의 네펙스만 듣는중,2021-11-08 21:27:12,돌솥이 근본이지
wh1000xm4 사는게 인생 목표 [4],2021-11-08 21:25:19,"운동할때 좋아

나머지는 한두곡씩 다른거 섞여있긴 함"
퇴근음ㅂ ㅜ [22],2021-11-08 21:25:11,ㄹㅇ
흐드륙 던지는시즌이왔다 [6],2021-11-08 21:23:19,"https://youtu.be/mVf2EeTMNJo

조별과제 2번 하면 사람 죽는다캄 ㅇㅇ;
머리아파"
쇼미더머니 노래 왜이러냐? [11],2021-11-08 21:22:17,
다시와서 생각해보니 클리어가 사기인 이유 [17],2021-11-08 21:21:23,"1~2화보고 개씹노잼이라서 안보다가
차트에 휩쓸었길래 들어보니까 죄다 팝이네 ㅋㅋㅋ
티슬라 팀은 얼터너티브 락같고 나머진 팝

이게 뭔 힙합이냐?
걍 랩얹은 팝이지


Good day 뜨고나서 너무 돈욕심내는 듯한 노래다

ㄹㅇ 구리다

시즌 8같다

개코가 내놓은 프로듀서 공연곡은 좋던데 이거나 들어야겟다"
시발 나 흐드륙 신품 삿는데 [1],2021-11-08 21:20:51,"같은건 없더라

짭스바라는 아직도 떠오르는데 클리어는 ㅋㅋㅋㅋㅋㅋㅋㅋㅋ

좋긴 하지만 짭스바라같은 압도적인 임팩트가 없다 이말인"
아이솔레이션팁 샀다,2021-11-08 21:20:49,"왜 중고 존나 ㄱㅊ은 가격에 개 올라오냐 자살하고싶게
- dc official App"
요새 흐드륙 던지는 시즌이냐 [5],2021-11-08 21:20:22,노캔 이거만한게 없어 진짜
본인 디렘프로2 사놓고 음질평이나 후기 안쓰는 이유 [6],2021-11-08 21:18:22,"요새 매물 터져나가네 11번가

신품 36만 보더니 사람들이 어시발

하고 중고가 떨지기전에 다내놓는느낌"
헤드폰 컴퓨터 구멍 vs 스피커구멍 소리가 달라요 [3],2021-11-08 21:15:19,"    좌우 편차 불량나서 as접수함ㅋㅋㅋㅋㅋㅋㅋㅋㅋㅋㅋㅋㅋㅋㅋㅋㅋㅋㅋㅋㅋㅋㅋㅋㅋㅋㅋㅋㅋㅋㅋㅋㅋㅋㅋㅋㅋㅋㅋㅋㅋ
- dc official App"
코드2 큐트? 점마는 별로냐? [1],2021-11-08 21:15:06,"k371 이란 애를 입문용으로 샀는데 


스피커에 있는 구멍에 꼽았다가 소리 별로라 개실망했는데

혹시나해서 컴퓨터 뒷구멍에 바로 꼽았더니 소리가 달라요!! 


질문1) 원래이런건가요 스피커가 쓰레기라서 그런건가요

질문2) 스피커도 쓰면서 헤드폰도 꼽아두고싶은데 방법 없나요... 젠더같은거 써야하나... 본체 앞쪽에 나있는 구멍은 고장났어요..."
usb c 오디오연결 안되는 이유가 머?임 [1],2021-11-08 21:13:10,큐티스트가 압살하는거냐?
허리통증또도졌네시이발 [4],2021-11-08 21:10:33,"걍 단자 뒤진건가?
- dc official App"
득삼프플 이거 꼬다리급인듯 ㄷㄷ [3],2021-11-08 21:10:12,"이번엔 주기 좀 길었는데...
거의 반년만인거같은데 하

몰아온거같은데 ㅈㄴ심각하네진짜"
M83 음반은 장르가 뭐야?,2021-11-08 21:09:32,"응애....
- dc official App"
이제 사고싶은거 다 샀다 이제 의사몰 안가야지 [2],2021-11-08 21:08:05,"Hurry up were dreaming
Junk
각각 세부장르가 뭐임?
두개 좋아서 비슷한거 찾아들어보려규"
아수스 로그스트릭스 퓨전700 좋음? [2],2021-11-08 21:06:15,"이어폰 se846, ie800, ie800s ( 판매 예정 ), k3003

헤드폰 hd600 hd800 hd800s t1 3세대

그리고 이번에 z1r 영입하면서 사고싶은거 모두 삼.

이제 이헤갤만 오고 의사몰은 갈일 없을듯 가면 쿨매 뜬거 사고싶기나 하지 ㅇㅇㅇㅇㅇ"
진짜 이런말 하면 패륜아 같아보일수 있는데 [4],2021-11-08 21:05:36,세일중이여서 23만원에 구매할 수 있떤데 헤드셋 입문자임
QC45 사려는데 블랙vs실버,2021-11-08 21:03:30,친구 아빠를 패버리고싶은데 어카냐?
이갤 망할때 까지 탈갤안할꺼같은 2명,2021-11-08 21:02:01,"무슨 색이 이쁜 것 같음?
- dc official App"
비츠 스튜디오 버즈 어떰? [5],2021-11-08 21:01:54,theq쨩 수연쨩
hd6xx에 템포텍 소나타 꼬다리 붙여서 피시에 연결했을 때 소리가 안남 [4],2021-11-08 21:00:39,"참고로 본인 갤럭시버즈 버즈2 버즈프로 다 써봤는데 귀 너무아파서 셋다 사고 싹다 당근에 던짐

착용감이나 노캔 음질 ㅇㄸ?

지금 c타입 이어폰 쓰는중 ㅠ
- dc official App"
fye도 흐드륙 파네 [1],2021-11-08 20:59:38,"정확히는 소리가 나다가 로아만 키면 소리가 안나더라
왜이럼?"
에어팟 맥스 블루 vs 그린,2021-11-08 20:59:11,아 ㅋㅋ
그럼 씹덕 노래 조오오온나많고 음질 좋은 플레이어 추천좀 [1],2021-11-08 20:56:48,블루랑 그린 중에 어떤게 실물이 이쁘냐?
이헤폰보다 극세사천이 가성비 좋음 [2],2021-11-08 20:56:38,"우타이테 같은 거는 그런데 없겠지?


아이폰 씀

유튜브 뮤직? 애플뮤직?

검색해보니까 아마존 뮤직 같은 것도 있는데"
객관적인 에어팟 맥스의 음질 수준,2021-11-08 20:56:04,"ㅇㄱㄹㅇ
- dc official App"
베이어 헤드밴드 쿠션 어디서 사노?,2021-11-08 20:54:35,"다이소 2천원짜리 이어폰과 동급
- dc official App"
베이어 헤드밴드 쿠션 어디서 사노?,2021-11-08 20:54:35,"인조가죽 다 찢어져서 김가루 날리는데

어디에서 사야하노?"
수월우 탠치짐,2021-11-08 20:51:23,뭐사냐
아이폰 otg+usb c to a 어댑터 걸치니까 mfi없어도 되네,2021-11-08 20:48:43,삼성꼬다리도 작동함
분명히 코스맨이 ifi파워스테이션 차이 있다했단 말임 [4],2021-11-08 20:47:43,
구클 암만 들어도 좋은걸 모르겠는데 [17],2021-11-08 20:46:26,"유튜브에서 대충 주워다 듣는 음질 문제일수도 있음?

노이즈 끼거나 소리가 작거나 그런건 없는데 좋은걸 모르겠음

덱엠은 득삼플플

어디가 잘못된거지"
이샛기 왜 이렇게 좋냐 [1],2021-11-08 20:43:16,오랜만에 들어서 그런가 웰케 좋냐 한 10년 된거 같은데 배터리도 짱짱하네 볼륨 노브 빼고 다 멀쩡함
꼬다리 퇴갤 ㅋㅋ,2021-11-08 20:42:55,"병신폰 소프트웨어 이슈

- dc official App"
이헤갤 수준 정말 참담하네요.. [3],2021-11-08 20:38:19,"정말 안타깝습니다...

저는 제 본진인 루리웹 유머 게시판으로 돌아 갑니다..."
앰프 끼면 힘이 좋아진다?,2021-11-08 20:37:39,"그건 볼륨이 올라간거고
저음 고음이 부각된다?
그건 착색이 된거고"
커세어 hs80 초특가 하는데 이거 사도됩니까?,2021-11-08 20:37:17,"이헤갤의 고명하신 형님들께 여쭙습니다.
게이밍 헤드셋이라 급떨어져서 죄송합니다.
원래 바라쿠다x라는 레이저 제품사려햇는데 
20만짜리가 11만에 팔길래 고민됩니다.
이 제품좋은건지 알려주실분... 앙망하옵니다"
버즈2 끼고 달리면 잘 빠짐? [2],2021-11-08 20:35:10,짱깨산 qcy 사려 했는데 이거 쓰려면 짱깨 앱 써야 한다 해서 좆같아짐
qc35 2 vs qc45 [4],2021-11-08 20:34:49,어떤 거 살까 음질에는 별 차이 없다는디
구스타드는 그냥 다 괜찮더라 [3],2021-11-08 20:34:47,구스타드 중에 실망스러운건 없더라고
뜨레첸토 배송시작했네.. [2],2021-11-08 20:33:45,"튜닝 참여전 베이스강화형도 궁금한데...
유저 튜닝이 득이될지 독이될지....
- dc official App"
rme adi 사기당햇다 [5],2021-11-08 20:33:12,시발 내돈
국제우편 기분 제일 좋을 때가 [1],2021-11-08 20:31:02,국가 출발에서 국내 도착으로 바뀔때
X26 Pro 임마 개 돌았네 [6],2021-11-08 20:30:01,"존나 잘 샀다는 말 밖엔... ㅋㅋㅋㅋㅋㅋ

그 밑에 덱들이랑 체급차이 개 오진다."
본인이 원하는 것을 원하는 사람에게 주는 것 그것이 미국 정부가 원하는,2021-11-08 20:29:20,ㄴㄷㄴㅈㄴㅈㅋㅇㅍㄴㄱㄹ
와우 진짜 너무 잘 모른다고 생각해요 진짜 너무 너무 좋아서요 근데 뭐,2021-11-08 20:28:40,ㄴㅈㄱㄷㅂㆍㅂㄷㄱㄷㄱㅇㄱㅇㄴㆍㄴㄱㄴㅂㄴㅈ
카페 내부 사진 들고 있는 사람이 참 많았어요 근데 그냥 제가 직접 만든,2021-11-08 20:28:25,ㄴㄷㄱㄷㅋㆍㄱㅇㅅ
헤린이 사운드 깨짐 질문,2021-11-08 20:27:57,"DX3 PRO+ 사용 중인데

스피커 속성에서 '32비트, 384000Hz(스튜디오 음질)' 선택하면 내가 하는 게임 사운드 깨지고

'32비트, 48000Hz(스튜디오 음질)' 선택하면 사운드 안 깨지는데

48000Hz 선택해도 상관 없음?

나랑 똑같은 게임 하는 사블 사용하는 친구있는데 그 놈도 사운드 깨진다길래 뭔 때문인가 했더니만 이거 때문 이였던 듯"
블랙 화이트 화이트 블랙 화이트 화이트 그레이 사이즈 사이즈 사이즈 사이,2021-11-08 20:27:55,ㄴㄷㄴㄱㆍㅂㅅㄱㅅㄱㅅㄱㆍ
씹덕 혐의를 받은 사람은 없다 라는 생각이 든다 라는 생각이 든다 라는,2021-11-08 20:27:37,ㄱㄷㄱㅂㆍ븝ㄹ
고기를 좋아하는 사람이 있다는 놈이 정말 많은 분들이 함께 하는 것이 조,2021-11-08 20:27:06,ㄱㄷㅋㆍㅋㅇㄱㄴㄱㄴ
컴퓨터 게임 하는 것 같은 느낌 나는 정말 많은 사람들이 모여 사는 것,2021-11-08 20:26:41,ㄱㅈㅋㄴㄱㆍㅂㅅㅂㅅㄱㄴ
노무현 대통령님은 사실 아놀드 진짜 부러움 그리고 제가 너무 좋아서요 ᆢ,2021-11-08 20:26:20,ㄱㄷㄲㅅㄱㄴㄱㄴㄱㅅㅂ
러시아 정부는 이번 회의에서 북한의 핵 미사일 발사 이후 북한의 핵 미사,2021-11-08 20:26:00,ㄱㄷㅋㅇㄱㅇㅋㄴㄱㆍ
착용감 ㅈ되는 코드리스 이어폰 추천좀 [1],2021-11-08 20:25:49,"작고 귀안아픈거 ㅇㅇ
- dc official App"
다만 제가 직접 보고 있는 것 같은 기분 너무 심해서 그냥 그냥 둘이 너 [1],2021-11-08 20:25:29,ㄱㄷㄱㆍㅂㅅㅋㅇㅂㅇㄹ
(조공) 보스 헤드셋 시리얼 넘버 재사용 되나?,2021-11-08 20:25:09,"중고로 당근에서 업어오는데 이미 등록된 시리얼 넘버 제품이여도

다른 계정으로 등록 되지?
- dc official App"
탈 때 마다 다른 것 같은 걸 왜 또 그렇게 받아들이고 또 다른 이유는,2021-11-08 20:25:09,ㅣㄷㅋㆍㅂㅇㄱㅇㄹㅇㄴㅇ
바로 입니다 정말 잘 만들어 보고 또 양념질 만들어 보고 또 한번 봐줬,2021-11-08 20:24:54,ㄴㄷ늨ㄴㄱㄷㄱ시닌
폰 배터리 용량이 약 절반 정도로 큰 오븐이나 충전 및 케이블 길이 두,2021-11-08 20:24:35,ㄴㄷ늑ㄴㅋㅇㄱㄷㄱㄹㅅㅇ
싱글벙글 지구촌 중에서 유일하게 가장 많은 분들이 찾는 곳이 정말 많습니,2021-11-08 20:24:20,ㆍㄴㄷ눇ㄲ
현재 서울시장 전체 아파트 평균 매매가는 총 금액은 약 세 이상 스크 입,2021-11-08 20:24:03,ㄱㄷㄱㆍㅂㆍㅍㅅㅋㅅ
저 중에 제가 직접 보고 싶은 말을 한다 이런 쓸데없는 글을 많이 다르죠,2021-11-08 20:23:46,ㄱㅈㄱㄴㅂㆍㅂㅅㅍㄴㅂㄴㄱㄴ
최근 몇 년간 함께 사는 것 같아요 그래도 잘 썼습니다 그리고 심지어 다,2021-11-08 20:23:29,ㆍㄱㄷㅂㆍㅂㅅㄱㄴㄱㅅㆍ
앙 아앙 하앙 으항 진짜 넘 귀여워요 제가 제일 잘 사용하고 있는 모습,2021-11-08 20:23:15,ㆍㅈㅋㆍㅂㄴㅂㅈㄱㅅㆍㅅ
물론 지금의 내가 할 때 가장 많이 하는 일은 바로 내가 저걸 왜 이렇게,2021-11-08 20:23:01,ㄱㄷㄱ신ㅂㆍㅂㅇㄱㅅ
yaxi 패드 같이 살사람 구하는거 해도돼? [3],2021-11-08 20:22:18,공지에 딱히 거래관련 이야기 없어서 물어봄
테피 파핑노이즈 가끔나서 갈아타려는데 버즈 괜춘??,2021-11-08 20:13:41,"가끔 뭐 터지는 소리 테비에서 나서 바꾸려고함

테비 소리가 너무 마음에 들었거든??

버즈2나 버즈프로 가도 괜찮을까??

부가기능 다 필요없고 노캔도 잘 안씀 음질만 좋으면 되는데 다른거 좋은거 있으면 추천좀 ㅠㅠ"
티아포르테 욕하는 새끼는 막귄데,2021-11-08 20:13:38,만듦새 보고 감탄이 나오는데 준서 십새끼는 내 사진 무단 도용하노 하하
s21플이랑 같이 쓸 20이하 노캔 헤드폰 추천좀 [2],2021-11-08 20:13:30,"s21플 쓰는데 

이어폰은 너무 아파서

헤드폰 쓸려고하는데

s21플에 쓸 20이하 노캔 헤드폰 없을까? "
s21플이랑 같이 쓸 20이하 노캔 헤드폰 추천좀,2021-11-08 20:13:30,"s21플 쓰는데 

이어폰은 너무 아파서

헤드폰 쓸려고하는데

s21플에 쓸 20이하 노캔 헤드폰 없을까? "
팟맥스 필요하면 지금이 기회다,2021-11-08 20:12:19,"그린핑크같은 비인기 색상이면 몰라도 실버랑 블루는 지금 할인이 괜찮은거 같다 쿠팡 ㄱㄱ
- dc official App"
큰일났다 빨리와바,2021-11-08 20:12:18,난방좀 켜줘
어풔 마녀애 여행밧나 [2],2021-11-08 20:09:32,01
피아노 곡을 주로 듣는데 고수좀…,2021-11-08 20:09:12,"내가 이 사람의 노래를 주로 듣거든 오케스트럴한 음원말구
이런 성향의 음향을 좋아하면 어떤 헤드폰을 사야해?
https://youtu.be/Xhmd_NX4xL8


약간 가운데로 쏠린듯한 기분도 들고.. 어떻게 잘 표현이 안된다 고수분들 도와주세용.."
좋은 헤드폰에 dac 필수임? [2],2021-11-08 19:58:43,"샘숭 usb-c 꼬다리 쓰고 있는데 이걸로 안되냐

헤드폰도 비싼데 dac까지 사라고 하니까 책상도 비좁고 복잡해서 싫은데"
이어폰 z1r이 순다라 흐드륙보다 음질 좋자넝 [5],2021-11-08 19:58:39,오딘 정도되면 클리어보다도 좋음?
헤드폰 입문했는데 dx3pp vs tone2 pro [2],2021-11-08 19:56:02,"이번에 560s로 입문했고 나중에 딴거로 넘어갈생각 있음

음감으로 pc(노트북), 스마트폰에서 주로 사용할껀데 dx3pp tone2 pro 둘중에서 뭐가 나음?

가끔 콘솔에도 물려 쓸생각이고"
dac 임마 껄리면 정신병인가 ㅇㅇ [4],2021-11-08 19:54:30,"슴슬 dac에 330마넌 ;

ㅇㄱㄹㅇ

°⌓°"
님들 헤드폰 이거사려는데 어때용 [3],2021-11-08 19:51:49,게임은 턴제만 가끔하고 보통 유튜브만봄 
플마 덱앰올라옴 [2],2021-11-08 19:47:19,ㄷㄷ
시발... 오라베티o400 세탁기에 돌려버림...,2021-11-08 19:47:09,"AS안되냐.... 머 수리없음?? ...제발....살려주ㅞ
- dc official App"
시발... 오라베티o400 세탁기에 돌려버림... [8],2021-11-08 19:45:36,"AS안되냐.... 머 수리없음?? ...제발....살려주ㅜ
- dc official App"
수월우 뉴 아리아 불량온거 같은데 [3],2021-11-08 19:43:39,"좌 우 사운드 크기가 다른거같음

내 귀가 이상한건가?"
R70x 29.9 공홈 [3],2021-11-08 19:41:57,"급한사람은 살만한듯
더 떨어저봐야 26임
- 수듄"
(진지) 집에서 음감용으로 이거 어때? [2],2021-11-08 19:39:53,"출력 20w에 방이나 거실에서 음악이나 영화볼때 쓸듯 ㅇㅇ
- dc official App"
알리에서 시겼던 잡템 우체국 입갤 했노,2021-11-08 19:38:20,내일 받겠노 이기
새빛둥둥섬 이름이 새빛둥둥섬인 이유가 뭐임? [2],2021-11-08 19:38:05,둥둥 안뜨는데
Xba z5 질문좀,2021-11-08 19:37:52,"Xba z5 5년정도 쓴거같은데
아직 기본케이블 딱히 문제는 없고
칠벗겨지는거랑
안에 스펀지 더러워져서 어느 정도 잘라서 빼버렸는데

혹시 스펀지 필터 교체하거나 교환할 수 있는곳 있어?
그리고 케이블 좋은거 가서 써볼만한가?

아니면 5년썻으니까 대충 쓰다가 보내주는게 맞나?"
게이밍 말고 게이 이어폰 구합니다 [2],2021-11-08 19:34:37,"아 로갓 안했다
- 음악은 계속된다."
이번년도에 제일 잘 산건 모조인거 같음 [6],2021-11-08 19:34:26,마나가형의 삼보랄 덕분에 음부가능 히히 
티아포르테 소리는 나쁘지 않음 [7],2021-11-08 19:31:04,zzzz
새빛둥둥섬 이름이 새빛둥둥섬인 이유가 뭐임?,2021-11-08 19:28:24,둥둥 안뜨는데
옛날엔 안그랬는데,2021-11-08 19:28:07,"버즈2랑 프로 둘다 써봤는데 귀 간지럽고 불편하고 그럼 ㅇㅇ
버즈라이브나 사서 써야하나?
- dc official App"
안드로이드에선 에어팟 프로 연결성 개그지임? [4],2021-11-08 19:26:58,"막 30분마다 끊기거나 버벅대고 지연잇음?
갤탭이랑 페어링해서 컨텐츠 볼거임"
병신들아 뻘글만 싸지르지말고 답변좀 달아봐라 [4],2021-11-08 19:22:42,"블투이어폰 스맛폰이랑 연결해도 자꾸 한쪽만 들려서 


초기화 시키면 잠깐 잘되는거 같다가 다시 오른쪽만 들림


스맛폰에서 모노오디오 기능 실행하니까 양쪽다 들려지게는 되는데 


스테레오가 아니라서 음질이 병신같아 


이거 이어폰이 문제일까? 

다른 블투이어폰들은 이런거 없이 잘만 됬었음 "
이거 뭔데 이어폰이 460만원씩 하냐. [10],2021-11-08 19:21:38,개씹지랄아님? 처음들어보는데
게이밍 이어폰 [1],2021-11-08 19:20:54,"형님들 게임할때 쓸 유선이어폰 좀 추천해주십셔

FPS위주로 합니다.
- dc official App"
원래 무선 이어폰 진동음 느껴지는거 너무 깊게 끼면 생기는거 아니었냐?,2021-11-08 19:20:43,"걸을때 탁탁소리나 뭐 먹을때 진동음 소리같은거 들리는거
너무 깊게꼿으면 나는소리 아님???
팁이 싹다 깊게 들어가서 그런가 구분이안되네

- dc official App"
나두돔먹을래 [3],2021-11-08 19:17:47,헤으
qc35가 귀마개보단 덜 따뜻하겠지? [8],2021-11-08 19:17:03,"출퇴근할 때 자전거 타는데 귀 잘릴거 같아서 에어팟 프로 끼고 귀마개 끼는데 여기저기 쓰고 다니려고 qc35 질렀는데

보온도 음질도 다운그레이드일까봐 걱정임 음알못이라서
- dc official App"
와 예전에는 여중생이 념트키 였는데; [3],2021-11-08 19:12:49,"다들 다시 돌아와줘 ㅠㅠㅠㅠㅠㅠㅠㅠ
- 음악은 계속된다."
응기야 부산맛집알려죠 [2],2021-11-08 19:12:41,ㅇㅇ?
새기기 프로모션으로 애플뮤직 6개월 받고있으면 더 못받음?,2021-11-08 19:12:38,"저번에 팟프로사니까 새기기 어쩌구 하면서
애플뮤직 6개월 주더라?

근데 이번에 팟맥스 살려니까- 거기에도 6개월 무료 있었을텐데


기존에 무료 6개월 받고있는 계정에 새 팟맥스 등록하면
6개월 추가 해주냐??

아니면 이미 받고있으면 무료 6개월 아예 못받냐.. (다른계정 쓰지않는이상)



애플공홈 찾아봐도 정보 없어서그럼..
- dc official App"
해외직구사서 로얄메일로 배송오고있는데 질문좀,2021-11-08 19:11:25,영국 떠나고있다고 3일전에 저렇게나오고 오늘까지 변화가없다 어케된거냐?
음감용 기기 없으면 V50 살만함? [9],2021-11-08 19:11:23,"ㄹㅇ? mp3용으로
- dc official App"
85t 지금도 살만해? [2],2021-11-08 19:10:27,17에 업어오려는데
오뭐야이거 아웃풋셀렉 달려있네 [4],2021-11-08 19:08:13,"드디어 슴슬도...
- dc official App"
qc45가 qc35랑 다른점이 [4],2021-11-08 19:07:41,"디자인같고

배터리 4시간 늘어나고

노캔 3단계에서 2단계로 줄었는데
노캔 감지하는 마이크가 4개에서 6개로 증가
그래서 노캔기능 자체는 조금더 상향되었다고 봐야할거같고

음질은 같고

5핀단자 -> C단자 충전


이렇게 변한듯?"
본인이 이헤폰 좋아하는 여중생이면 개추 ㅋㅋㅋㅋㅋㅋㅋ [9],2021-11-08 19:07:12,"오랜만에 조사 들어가겠습니다

일단 나부터 ㅋㅋ
- 음악은 계속된다."
블투 이어폰 스맛폰에 연결해서 듣는데 스테레오 설정안된다,2021-11-08 19:06:00,"다른 블투이어폰들은 전혀 문제 없었는데 


요번꺼는 이상하게 자꾸 오른쪽만 들려서 



스맛폰 기능중에 모노 오디오? 그거 키니까 양쪽다 들리는데 


문제는 스테레오가 아니라서 그런가 음질이 병신같아 ...


이거 뭐가 문제야? 아 답답하네 "
후 내일 wf 교환받은거 온다,2021-11-08 19:05:07,"이번엔 제발 하자없어죠!!
- dc official App"
작년 겨울 생각 하면 아직 시작도 안한거아님?,2021-11-08 19:05:04,작년 겨울이 ㄹㅇ 헬이였음
4-5kHZ 사이는 무슨 악기냐?,2021-11-08 19:04:31,ㅇㅇ?
ie300 고음 별론가요? [1],2021-11-08 19:02:29,"괜찮나요?

쏘는 느낌은 정착용하면 괜찮다는 사람도 있어서

트럼펫 소리 이런 것도 좋으려나요.

보컬은 그저그런 평가인 거 같고.."
1000xm4 1000xm3 헤드셋 [1],2021-11-08 19:01:48,"편의성 빼고 발전한거 없는거 아닌가?
착용감도 비슷비슷하다는데
xm3 사는게 맞지?"
씨발 퍼오디오 바이럴 죽여버리고 싶노,2021-11-08 19:01:00,"개새끼들이 아주 단합해서 올리네
디락때는 모두가 한 마음이었는데 그때가 그립다"
오늘대따추워서 동상걸릴거같던데 [6],2021-11-08 19:00:14,"여자는 체온이 남자보다 높다고함

리사수 설마...?"
밖보다 집이 더 추움 [4],2021-11-08 19:00:08,난 움직이면 열 존내 나는 체질이라 밖에서는 덥고 집에오면 손발 시려서 죽음
상상을상상을상상을더해서 [1],2021-11-08 18:56:30,- dc official App
qc45가 더 늦게나왔는데 xm4보단 낫나?,2021-11-08 18:56:16,뭐사지
슨타필드 6.5 살만함?,2021-11-08 18:54:46,"ㅇㅇ
- dc official App"
롯데리아 맛잇는거 만은데.. [9],2021-11-08 18:54:22,"불고기버거랑 치즈스틱이랑 양념감자...

가성비 ㅅㅌㅊ.."
이어폰 노즐이 귓구녕으로만 잘 향하면 어떤 형태로 껴도 상관 없음?,2021-11-08 18:54:19,"정착용 죽어도 안 될 거 같은데
좀 비스듬히 넣어도 상관 없음?


그 오버이어 이어폰 거꾸로 쓰는 사람도 있잖아

이거 뭐 느낌이 이상해"
알리 배송 6주걸림 [1],2021-11-08 18:54:00,빌어먹을 폰케이스
"660s 샀을때 보다, 득삼플 샀을 떄가 더 좋네 [3]",2021-11-08 18:53:37,"왜 인지 모르겠는데
660s 직결로 들었을때는 고음이 좀 찔러서 듣기 불편했는데

득삼플 연결해서 들으니까 전체적으로 듣기 좋아짐"
Wf 1000xm4 아즈라 돈값함?? [4],2021-11-08 18:53:18,"그정돈아님??
기본팁 좋은데 내구성이 안좋대서 걱정댐
착용감 많이 개선댐?"
에어팟 싼 곳 옶냐,2021-11-08 18:52:25,"사고싶은디
- dc official App"
퍼오디오 mmcx라는 이유로 64오디오가 죳바르냐? [6],2021-11-08 18:51:36,ㅇ단자빼고 음질로 붙어도 퍼오디오가 죳발리냐?
블투이어폰 스맛폰으로 들을때 모노밖에 안되나 [2],2021-11-08 18:51:03,"지금 쓰는 스맛폰에 다른 블투이어폰들 들을때는 


별다른 조작없이 페어링 되서 바로 잘 썻는데 


요번에 산 앤커 제품 블투이어폰은 스테레오로 해놓으면 


오른쪽만 소리가 나서 아쉬운대로 모노 오디오? 켜서 듣는데 


아무래도 소리가 스테레오보단 모노가 별로인거 같아 


이거 스테레오로 잘 듣는 방법 없을까? "
레식하는 유동인데 질문좀,2021-11-08 18:50:59,지금 로지텍 g pro x 무선 헤드셋 쓰는중인데 이거 팔고 하이퍼X 클라우드2 유선 갈까 아니면 그냥 로지텍꺼 계속 쓸까 
가격v50 [3],2021-11-08 18:49:26,"달려?
- dc official App"
버거킹 파이중 [20],2021-11-08 18:49:24,"이어폰 차니까이쁨 개만족중
- dc official App"
퍼오디오 m4 청음알바할사람 [8],2021-11-08 18:49:12,진지하게
에어팟 3년 썼으면 보내드려야하냐...? [1],2021-11-08 18:48:11,"에어팟 3년 가까이 쓴 것 같은데
슬슬 배터리도 1시간 밖에 안되고 중간중간 끊기고
음량도 한쪽이 더 작음

보내줄때가 된건가..."
이헤붕이들도 조심해라 ㄹㅇ [1],2021-11-08 18:48:02,너희들도 이렇게 될수있다
팟맥스 펌업으로 ㅆㅅㅌㅊ된거 맞음? [1],2021-11-08 18:47:43,46이면 살만한가?
타이달 폰에서만 안대네 [3],2021-11-08 18:47:20,왜이런
노래 다른거추천,2021-11-08 18:47:13,"다시듣는중 ㅈㅅ...
- dc official App"
v50 리퍼 가격 봐봐 하나 건진듯 [3],2021-11-08 18:46:41,"재고 아홉개다 쫄리네
- dc official App"
맥세이프에어팟에 에어팟케이스 박아도 맥세이프 자석 붙음?,2021-11-08 18:46:33,맥세에어팟은 맥세쓰려면 케이스 못쓰려나
K701 괜찮은듯 [4],2021-11-08 18:45:22,"바로 무지성 탈착개조 함
- dc official App"
이헤갤 올만에 왔음 [6],2021-11-08 18:43:10,"이제 다시 갈게

안뇽 ! !"
블루 샀다 !!! [1],2021-11-08 18:41:44,실버 하얀거 감당 안될 것 같아서 걍 블루 사봄 
BUYEE 사용하는 사람 있냐?,2021-11-08 18:41:12,쿠폰 어디서 적용시킴? 전혀 안보이는데?
소니 이헤폰은 도대체 무슨 평가가 맞냐 [2],2021-11-08 18:40:53,"저평가와 고평가가 공존하는거같은데 ㅋㅋㅋ 무선말고 정병용 유선라인 ㅇㅇ 일단 비싼건 맞는듯?
- dc official App"
분탕 잘 치던 고닉 누구누구 있냐,2021-11-08 18:40:33,폭동화 자베르 데버스 정도밖에 생각이 안난다
에어팟 맥스 적정 가격,2021-11-08 18:39:58,"4,570원
- dc official App"
육수 질질 흘리는 중 [20],2021-11-08 18:39:57,왜케 더움 
토핑 l30 led가 가끔 깜빡거림,2021-11-08 18:39:30,플러그 다시 꽂으면 돌아오긴 하는데 왜그러는거임
리버티3 노캔이 괜찮긴 하네ㅎ,2021-11-08 18:37:32,멀티 포인트도 괜춘한거 같고
oh hello new world 부분이좋다,2021-11-08 18:37:28,- dc official App
kef이어폰 첨보네 [2],2021-11-08 18:37:14,- dc official App
이어폰 케이블살수있는곳 있어? 직구말고 [3],2021-11-08 18:37:11,"독서실에서케이블고장났는데 직구는너무오래걸려서 한국샵주문가능한곳있나
옥시즌나노임.."
에오닉4 올만에 듣는데 괜춘하네?,2021-11-08 18:36:17,입문명기네 
요즘 듣는 장르불문 모스트1 [9],2021-11-08 18:35:24,"후렴 ㅅㅌㅊ
- dc official App"
종결은 탈짱깨로 하는거다,2021-11-08 18:34:42,"짱깨 가성비 좋지?
실상은 감성없고 싸구려소리"
시발 싸우지좀 말고 아 놓쳤네 핵세일,2021-11-08 18:32:33,- dc official App
헤드폰 잘 안쓰는이유,2021-11-08 18:29:16,"집에서만 쓰는데 집 오면 최대한 빨리 누워야하기때문임

누워서 헤드폰 쓰면 ㅈㄴ 불편하고 베게 치웠다 깔았다 무한 반복 하다 좆같아서 이어폰 박음

헤드폰 쓸 땐 책상에 오래 앉아있어야 할 때 뿐 ㅇㅇ 혼 술 할때 쵝오"
토핑 E30 재고 없다는데 [8],2021-11-08 18:25:54,"자연스래 세트인 L30도 취소함.



뭐삼? HD650의 친구를 구해야 해.



중고나 해외직구 ㄴㄴ함"
요즘 무선노캔 헤드폰은 왜 내장배터리 쓰는거야 [1],2021-11-08 18:25:44,"이어폰은 사이즈 때문에 몰라도
보스qc25는 aaa배터리 계속 교체해서 사용 가능했는데 왜 qc35부터 내장으로 해서 수명 제한시킨 것임? 심지어 내장배터리 용량이 450정도로 aaa건전지보다 작은데
- dc official App"
세에에서 지금 akg k3003 팔고있냐 [6],2021-11-08 18:24:13,현재 판매중임?
그냥 좀 사 그만 물어봐 아 적당히 해야지 [1],2021-11-08 18:23:59," 청음샵 한번만 가도 여기 안물어봄
- dc official App"
에어팟 맥스 음질 [4],2021-11-08 18:22:51,"편의점에서 파는 5천원짜리 이어폰보다 구리다는데 맞지?
- dc official App"
장어가 좆물 강화에 ㄹㅇ 좋냐? [5/1],2021-11-08 18:18:59,효과가 있긴하냐
1000xm4 배터리 ㅈㄴ 오래가네 [4],2021-11-08 18:18:46,"aac에 dsee 끄고 쓰는데 ㄹㅇ 하루종일 꽂아놔도 되네

잘산거같다 이거"
지금시점에 wh1000xm4 사면 별론가? [4],2021-11-08 18:17:58,내년에5나온다는데 지금은 늦은감있음?
그래서 에어팟 맥스 음질은 어떰? [3],2021-11-08 18:15:47,"쓰레기 맞지? 그것도 음식물 쓰레기
- dc official App"
알리 반값쿠폰 얻을 수 있는거냐?,2021-11-08 18:15:01,"무슨 쿠폰이 0.5초만에 사라지냐.. 뉴하나 좀 싸게 사볼려고 했는데 ㅈㄴ 빡세누 반값쿠폰 얻은 게이있냐?
- dc official App"
이노래도 별루랴?,2021-11-08 18:13:07,"https://www.youtube.com/watch?v=QKYkZnxZ3ZA
- dc official App"
3-40 대 이어폰 추천좀 왠만하면 알만한 회사 껄로 [12],2021-11-08 18:07:54,이거랑 hd800s중에서 어느게 더 대중음악에 잘맞음?
울트라손 에디션15질문 [6],2021-11-08 18:05:56,"dx3 플 쓰는데

윈도우 100으로 두고
덱앰으로 볼륨 조절하는게 정석이지?
- dc official App"
님들 윈도우 볼륨 100으로 두고 음감해? [2],2021-11-08 18:04:06,"https://www.youtube.com/watch?v=4n3J2uIBqW4
- dc official App"
노래 하나로 이헤갤찢음 [1],2021-11-08 18:03:14,"m900쓰다가 wa8로 업그레이드 햇는데

첨에는 별차이없어보엿는데 적응되니 ㄹㅇ좋음"
hd820 + wa8 조합 괜찮은것 같더라,2021-11-08 18:00:40,언젠가 hd900 나올거라고 믿으니 그 전까지는 800s로 즐기고 있어야지
hd800s 블프 149만 킹능성 잇냐 [2],2021-11-08 18:00:20,"일반 회색팁처럼 2차굴곡안까지 집어넣어야함? 

아니면 그냥 일반팁 넣는거처럼 넣으면 되는거?"
총알팁을 양도 받아서 알포에 껴볼려고하는데,2021-11-08 17:59:04,"이어폰 xm4
헤드폰 클리어
덱앰 토핑 싼마이


끝"
몇년만에 오니깐 이어폰 병신브랜드 왜케많아짐?? [2],2021-11-08 17:58:04,"나ㄸ ㅐ는 se846정도면 거의 종결이엿는데

요즘은 200콩이상하는것도 수두룩하네 ㄹㅇ"
헤드폰은 뭔가 네코미미 같은 느낌임,2021-11-08 17:57:47,"귀여운 사람이 쓰면 귀여운데

아닌사람이 쓰면 ㅗㅜㅑ"
"(스압) Fiio FD7, FDX....jpg [4]",2021-11-08 17:57:33,"FDX (골드)













FD7 (블랙)




FDX랑 FD7 차이는 케이블, 케이스차이라고함

FDX가 은도금동선, 우드케이스, 도금쉘
FD7가 순은선









IE900이랑 비청리뷰도 있네
출처: https://www.head-fi.org/showcase/fiio-fd7.25424/reviews

Compared with the Sennheiser IE900

Disclaimer - The IE900 was returned before I started the FD7 evaluation but since I used it for more than two months continuously I feel confident to do a brief comparison.
->두달 비청해봤다

The IE900 (review) is tuned with a gentle emphasis on the low end that adds real sub - bass extension, that is lacking from the FD7, and at the same time slightly boosts the lower bass above the reference point.
-> IE900와 비교시 저음은 약한데, 레퍼런스급과 비교하면 약간 부스팅된 저음


As such it can sound more lush and full bodied - compared to the leaner FD7 - and it will offer more satisfying experience with electronic bass, greatly pleasing the fans of the genre but at the expense of acoustic low bass instruments that will sound quite off tone and slightly mask the higher pitched members of the family like the cello.
-> IE900가 좀더 풍부하고 묵직한 음, 베이스강세 음악에서 좋음.
다만 이런 저음 때문에 저음 어쿠스틱 악기(현악기류) 톤이 좀 먹먹하고 첼로음같은 음높이의 악기의 경우 마스킹이 있음


The IE900 is amazing and top notch when it comes to quality characteristics and technical performance of the bass but the FD7 holds on its own without lacking either while there is a certain point where it takes the lead.
-> 베이스 측면에서만 보자면 IE900는 최상이라 할 수 있음.
그런데 FD7은 중고음역대의 단점 없이도 IE900에 준하는 저음을 들려줌



The FD7 larger driver can move great amounts of air and despite all the high - tech tricks that are employed inside the IE900, I am afraid that it comes second when we examine dynamic contrast and thrust with the FD7 giving more thunderous and slamming bass effects that fill not only the ears but the whole head of the listener. Another key difference in tonality is that the IE900 has a more V-shaped tuning with recessed upper mids, as a result it sounds more distanced and not so engaging as the FD7 which in contrast feels more liquid and saturated in this region.
-> IE900가 더 V자(중고음역대 뒤로 밀려있어서 소리가 좀더 멀리서 들리는 효과있음)
-> FD7은 조금더 맑고 중고음역대가 꽉차있는 느낌


There is some brilliance emphasis that is used to add clarity, treble sparkle, enhanced detail retrieval and compensate for the extra bass boost tuning of the IE900. The tuning is very ingeniously executed by the IE900 designers, so it manages to sound considerably more detailed, finer and resolving than the FD7 - without becoming analytical - but the penalty is that it slightly loses in timbre, gaining a metallic hue, becoming thin and with rushed decay while it is prone in becoming hot with certain material when the FD7 remains always smooth and controlled.
-> IE900가 좀더 디테일하고 섬세하고 분석적인 사운드를 들려줌
-> 다만 IE900가 음색적으로 약간 손해를 봄 = 메탈릭한 음색, FD7는 스무스하게 처리된 느낌


Both earphones share the same musical approach and excellent timbral qualities but in my opinion the FD7 has a small lead as it sounds more cohesive and natural from top to bottom.
-> 둘다 비슷한데 FD7가 조금더 좋게 들렸다고함"
세에에 akg k3003 있냐,2021-11-08 17:57:25,지금 판매중임?
마샬 메이저4 저음... [2],2021-11-08 17:53:36,너무 많은데 ㅠㅠ 저음 없다는 사람들 정착용 안된거 아니냐!
WH1000-XM4 질문 ㅠㅠㅠㅠ [3],2021-11-08 17:50:45,이거 유선 뭔가 화이트노이즈 있는데 .. 이거 원래 이런거야 ???
여기도 애지간히 급식충갤이네 [14/1],2021-11-08 17:50:20,병신통피들밖에없노
라이펜타 비슷한 헤드폰 추천부탁 [3],2021-11-08 17:45:08,"라이펜타랑 성향 비슷한 헤드폰 100이내로 추천 부탁드림다
헤드폰이니만큼 공간감은 좀 더 넓었으면..."
예전에 고닉들 방명록 테러한 건 누구임 대체,2021-11-08 17:44:45,그거 와우충 맞냐?
에이징 진자 없는거 맏냐? [1],2021-11-08 17:44:03,10년쓴 흐드륙이랑 오늘산 흐드륙이랑 소리갇냐
이어팁의 국룰은 뭐라고 생각하냐 [6],2021-11-08 17:41:55,파이널e? 스닷? 아즈라?
블투이어폰은 그냥 삼성꺼 사는게 답인거 같어,2021-11-08 17:40:47,"다른 뭐 브랜드들 쓰면서 as도 맡겨봤는데 



좆나 답답해 기본이 뭐 택배로 5~7일 걸리고 짜증나 



삼성은 그냥 센터가서 수리 요구하면 되자나 "
솔직히 이헤폰 늘어나니깐 많이 안듣게된다 [10],2021-11-08 17:40:35,"필연적으로 한두개만 이용하고 나머진 도태되는중
- dc official App"
ksc75일단 선이 엄청꼬임.. [4],2021-11-08 17:38:57,"나도 딱 1년정도쓰다가 단선됬는데
나는 정확히 집에서만 썼거든 근데도 단선 1년만에됨
물건 험하게 쓰는편도아닌데
유독 선이 심하게 자꾸 알아서 꼬이더라고
풀어주고 풀어주고 해도 또 꼬이고..
아마 그 과정에서 알아서 단선된거같음"
무선 헤드폰은 솔직히 여자한테 ㅈㄴ잘어울림 [1],2021-11-08 17:37:27,머리작으면 잘어울리는듯
헤드폰 제조사들 도대체 얼마를 남겨 처먹는거냐 [8],2021-11-08 17:36:28,"데코니 가죽 이어패드 사보면 품질이 상당히 좋은데 가격은
크게 안비쌈
시장이 축소되니까 가격만 올리는데 이러다가 진짜 좆망한다"
와 진짜 득삼플 개 좋다 하앍,2021-11-08 17:36:07,"노트북 직결로 듣다가 덱앰 첨 삿는데
저음이 뭔가 탄탄해진 느낌이야
- dc official App"
청음샵 노래를 틀어놔서 제대로 된 판단이 안된다,2021-11-08 17:35:35,"노캔없이 판단하고 싶은데 약간 성향 차이만 느껴지고 어떻게 얼마나 좋은지 잘 모르겠음 ㅋㅋㅋ

조용한곳에서 들어보고 싶다.."
버즈 프로 오른쪽 유닛에서 걸을때마다 득득 거리는 소리난다 [1],2021-11-08 17:34:48,"뭐 안에 떨어진 것 같은 덜컥거리는 듯한 득득 소리가 남

흔들어보면 떨어진 부품은 없는 것 같은데

심지어 어제 개봉한 신품임

내가 뭐 잘못껴서 그런가?? 불량인가
- dc official App"
wf wh 1000xm4 각각 음질차이 심함? [6],2021-11-08 17:33:36,걍 wh사는게 맞는건가?
er4 폼팁써보고 느낀점이,2021-11-08 17:32:23,"이 이어폰의 성능을 극한으로 끌어낼 수 있는건 3단팁 뿐이네 ㅇㅇ
근데 뺏다꼇다 하다가 귀 조질 것 같음
- dc official App"
밖에서 개폼 잡기 좋은노래 [2],2021-11-08 17:29:53,"https://www.youtube.com/watch?v=KLVq0IAzh1A
- dc official App"
ksc75 단선 어떻게 막냐 [10],2021-11-08 17:28:45,"1년도 못쓰고 지금 단선났고

보니까 단선 이슈가 한두개가 아니던데

이번에 새로 또 산거 단선날까봐 두려움



이런 튜브 끼우고 그 위에다가 고무 스프링 보호캡 넣어주면

그나마 단선방지 할 수 있나?"
ㅅㅂ돈 버렸다 [5],2021-11-08 17:28:13,"암튼 버림
재난지원금 25만원 어따쓸지 추천좀 ㅇㅇ 올해까지 다써야하지?
- dc official App"
음질도 중요하긴 한데 프랑켄 심하면 피하게 되더라,2021-11-08 17:27:41,"블투이어폰 너무 티나게 나오면 좀,,"
공식에 wf 1000xm4 2만원 내렸네 ㅋㅋ [2],2021-11-08 17:26:30,존나 안팔리나보다 ㅋㅋ
dx3 드라이버가 없다고 뜨는데 어떻게 하나요? [7],2021-11-08 17:25:58,"홈페이지에서 설치해야 되나요?

근데 ㄹㅇ 덱앰 차이 느껴지는데
나 정신병인가?"
삼성 블투이어폰 다른기기에서도 잘됨? [1],2021-11-08 17:25:32,"갤럭시에서 특히 좋은거 같은데 



일반 dap나 기타 다른 환경에서도 잘되겠지?"
요즘에 갤럭시 들고다니면 부끄럽지않나 [2],2021-11-08 17:25:25,폰은 아이폰이지
설마 섹스 안해본 사람이 있냐??? [1],2021-11-08 17:23:46,;;
모니터액정은 색상 틀어지면 거품물면서 소리왜곡은 찬양 [5],2021-11-08 17:22:45,"눈에 보이는 색상도 원본과 같아야 하듯

귀에 들리는 음색도 원본과 같아야 함

불량품 들고 매칭 이지랄이 병신인 이유"
밖이면 이노래 들어야지,2021-11-08 17:22:18,"https://www.youtube.com/watch?v=hmUyEDG7Jy0
- dc official App"
이어폰도 1만원짜리나 100만원짜리나 차이없음,2021-11-08 17:22:14,암튼 없음
배달 시키려다 햇반 데우고있음 [1],2021-11-08 17:21:10,"배달음식 특 : 오면 후회함

라면에 햇반 으로 든든~하게 때울란다"
"삼번들, 버즈1쓰다 뉴하나 가면 차이 많이 남? [5]",2021-11-08 17:18:19,그지라 비싼 건 못사고 스타필드나 늒하나 정도 살까 하는데 
덱엠 차이 느껴진다는 놈들은 그냥 뇌가 병신임 [6],2021-11-08 17:15:46,"아니면 사용한 덱엠 중 하나가 불량품급 쓰레기라서 

정상소리 > 왜곡된소리 혹은 

왜곡된소리 > 정상소리 로 들린 것 뿐"
DAP추천좀 [9],2021-11-08 17:14:38,"예산은 상관없긴한데 M11 PLUS 들어보니까 너무 심심해서 방출했거든
요즘 R2R이 핫하던데 갤넘들은 추천뭐해줄 수 있겠닝

hiby r8이 유심된다고해서 꼴릿꼴릿하긴한데 모르겠다 ㅋㅋㅋㅋ

추천 좀 해줘ㅓㅓㅓ"
겨울 음부가 좋지~,2021-11-08 17:13:36,"사운드가 좀 더 차가워지는

차이파이 부스트 계절
- 음악은 계속된다."
10년된 흐드륙 25만원 어떠냐? [1],2021-11-08 17:12:40,ㅋㅋ??
춥 워 ㅇㅇ [3],2021-11-08 17:11:32,"열돔 그립읍니다

ㅇㄱㄹㅇ

°⌓°"
레이스 점마는 뇌에 음란마귀만 잔뜩끼어있노,2021-11-08 17:10:48,ㅇㅇ
에어팟 프로가 낳냐 소니wf1000가 낳냐?,2021-11-08 17:05:12,후자 귀 개아프다는데
사블 g6 14.5에 샀는데 ㄱㅊ? [5],2021-11-08 17:04:22,외장사카 첨사봄
예아 싯팔새기들아 [12],2021-11-08 17:03:36,
밖에 돌아다니면 에어팟 왜케 많냐? [7],2021-11-08 17:03:08,"죄다 하얀색 콩나물 끼고 다니고 버즈는 거의 못 찾겟음

갤럭시폰인데도 에어팟을 끼는 애들도 많은건가"
내가 진자 장이유라고.. 죶ㅂㅅ들아,2021-11-08 17:02:28,보지
Wf 1000xm4 귀아픔?,2021-11-08 17:02:08,에어팟프로 살까 이거살까 고민중
꼬다리 진짜 살거없네 [6],2021-11-08 17:01:46,"중국산 거르고 드래곤플라이 코발트가 맘에 드는데
가성비 씹창이라 차마 결제는 못하겠음"
배딜 뭘쳐먹어야 돈값하냐 [2],2021-11-08 17:01:42,ㅇㅇ
예아 싯팔새키드라,2021-11-08 17:00:18,ㅇㅇ
